invoice_id,vendor_id,vendor_name,department,amount,timestamp,description
INV-ADB8A43B,V-GOOD-01,Standard Supplies Inc,Healthcare,5852.06,2025-08-19T02:15:22.926444,Routine procurement
INV-497D4F92,V-GOOD-03,Global Tech Solutions,Transport,30434.6,2025-10-03T00:59:38.926444,Routine procurement
INV-67F3D3E5,V-GOOD-03,Global Tech Solutions,Transport,13904.37,2025-11-13T17:02:10.926444,Routine procurement
INV-A5DD5416,V-GOOD-02,City Power Corp,Infrastructure,10321.74,2025-08-31T11:02:41.926444,Routine procurement
INV-16B2D1FB,V-GOOD-01,Standard Supplies Inc,Defense,1027.87,2025-11-16T07:40:18.926444,Routine procurement
INV-371A9A55,V-GOOD-02,City Power Corp,Transport,47976.58,2025-09-10T01:31:48.926444,Routine procurement
INV-3587CD53,V-GOOD-03,Global Tech Solutions,Healthcare,21207.65,2025-12-30T22:51:55.926444,Routine procurement
INV-296B550C,V-GOOD-03,Global Tech Solutions,Defense,24389.5,2025-11-24T20:24:07.926444,Routine procurement
INV-7A3C69A6,V-GOOD-03,Global Tech Solutions,Education,9923.78,2025-10-15T22:11:19.926444,Routine procurement
INV-13DC970F,V-GOOD-02,City Power Corp,Infrastructure,11373.62,2025-10-22T17:57:18.926444,Routine procurement
INV-60AD2992,V-GOOD-01,Standard Supplies Inc,Healthcare,22232.99,2025-08-26T16:59:16.926444,Routine procurement
INV-BB2CC37A,V-GOOD-03,Global Tech Solutions,Infrastructure,47033.96,2025-12-02T06:47:22.926444,Routine procurement
INV-514259B7,V-GOOD-02,City Power Corp,Transport,18868.39,2025-11-11T07:04:15.926444,Routine procurement
INV-63C5CAA4,V-GOOD-03,Global Tech Solutions,Education,37960.52,2025-10-15T00:46:38.926444,Routine procurement
INV-055D3AAE,V-GOOD-03,Global Tech Solutions,Education,45569.55,2025-10-19T18:55:09.926444,Routine procurement
INV-3AE9A97A,V-GOOD-03,Global Tech Solutions,Healthcare,41707.18,2025-10-22T05:47:12.926444,Routine procurement
INV-3D0686B8,V-GOOD-01,Standard Supplies Inc,Infrastructure,11073.4,2025-12-01T02:20:51.926444,Routine procurement
INV-9EFBA080,V-GOOD-02,City Power Corp,Infrastructure,19133.9,2025-11-13T16:42:19.926444,Routine procurement
INV-41AD18DC,V-GOOD-02,City Power Corp,Infrastructure,23739.94,2025-07-16T12:04:58.926444,Routine procurement
INV-73BCD1D7,V-GOOD-01,Standard Supplies Inc,Infrastructure,22130.39,2025-11-10T18:33:50.926444,Routine procurement
INV-AC3AA3F7,V-GOOD-03,Global Tech Solutions,Healthcare,34688.54,2025-11-17T07:39:40.926444,Routine procurement
INV-54B05686,V-GOOD-03,Global Tech Solutions,Transport,12922.94,2025-09-12T01:55:42.926444,Routine procurement
INV-505F735C,V-GOOD-02,City Power Corp,Transport,27043.17,2025-07-26T21:21:12.926444,Routine procurement
INV-3B61A714,V-GOOD-02,City Power Corp,Defense,44385.75,2025-09-03T17:39:18.926444,Routine procurement
INV-EF96DA04,V-GOOD-01,Standard Supplies Inc,Infrastructure,1301.95,2025-07-29T09:00:01.926444,Routine procurement
INV-1A9E4687,V-GOOD-03,Global Tech Solutions,Transport,40976.29,2025-08-23T16:34:51.926444,Routine procurement
INV-277F70A0,V-GOOD-03,Global Tech Solutions,Infrastructure,18752.35,2025-10-30T13:21:31.926444,Routine procurement
INV-623AEC59,V-GOOD-03,Global Tech Solutions,Healthcare,45760.15,2025-12-19T20:06:13.926444,Routine procurement
INV-0771FFB1,V-GOOD-01,Standard Supplies Inc,Infrastructure,5902.21,2025-09-05T16:26:16.926444,Routine procurement
INV-F85F2597,V-GOOD-02,City Power Corp,Infrastructure,29882.39,2025-09-12T10:23:25.926444,Routine procurement
INV-FBF15A7F,V-GOOD-01,Standard Supplies Inc,Healthcare,10109.25,2025-08-26T03:58:08.926444,Routine procurement
INV-9CBE1CED,V-GOOD-03,Global Tech Solutions,Transport,40665.82,2025-12-27T09:16:08.926444,Routine procurement
INV-8C359898,V-GOOD-01,Standard Supplies Inc,Defense,5080.21,2025-11-19T11:59:35.926444,Routine procurement
INV-71708C57,V-GOOD-02,City Power Corp,Healthcare,39806.77,2025-12-29T14:38:47.926444,Routine procurement
INV-928A7F4B,V-GOOD-02,City Power Corp,Education,35406.81,2025-12-29T05:03:01.926444,Routine procurement
INV-CDDA974A,V-GOOD-02,City Power Corp,Education,39464.51,2025-10-27T19:38:52.926444,Routine procurement
INV-52094FDC,V-GOOD-03,Global Tech Solutions,Defense,7894.94,2025-11-06T21:50:21.926444,Routine procurement
INV-B31A2BD4,V-GOOD-03,Global Tech Solutions,Defense,49510.39,2025-10-23T10:37:36.926444,Routine procurement
INV-7A1FC2D9,V-GOOD-02,City Power Corp,Transport,30737.46,2025-11-19T23:57:25.926444,Routine procurement
INV-17630617,V-GOOD-02,City Power Corp,Infrastructure,42960.5,2025-11-28T07:05:58.926444,Routine procurement
INV-BD740ECC,V-GOOD-03,Global Tech Solutions,Education,14287.42,2026-01-02T10:05:43.926444,Routine procurement
INV-CD9639DD,V-GOOD-01,Standard Supplies Inc,Defense,25006.02,2026-01-01T05:56:32.926444,Routine procurement
INV-710BA052,V-GOOD-01,Standard Supplies Inc,Transport,14213.46,2025-12-15T00:51:36.926444,Routine procurement
INV-0574908A,V-GOOD-02,City Power Corp,Education,32341.12,2025-10-09T00:43:11.926444,Routine procurement
INV-D60B5E64,V-GOOD-03,Global Tech Solutions,Defense,11658.88,2025-09-11T08:53:02.926444,Routine procurement
INV-800CCAE4,V-GOOD-03,Global Tech Solutions,Infrastructure,32776.1,2025-10-17T02:49:14.926444,Routine procurement
INV-B3113935,V-GOOD-02,City Power Corp,Education,15679.66,2025-09-21T08:07:22.926444,Routine procurement
INV-BC7B0433,V-GOOD-03,Global Tech Solutions,Education,1004.21,2025-10-22T21:41:43.926444,Routine procurement
INV-57EC90A5,V-GOOD-01,Standard Supplies Inc,Infrastructure,25549.66,2026-01-09T15:45:56.926444,Routine procurement
INV-5DBBD1A4,V-GOOD-02,City Power Corp,Transport,23906.67,2025-10-08T21:48:57.926444,Routine procurement
INV-4309F727,V-GOOD-02,City Power Corp,Healthcare,33021.4,2025-12-23T20:29:54.926444,Routine procurement
INV-800C8B85,V-GOOD-01,Standard Supplies Inc,Transport,17141.79,2025-08-16T23:29:16.926444,Routine procurement
INV-8F0B64C0,V-GOOD-03,Global Tech Solutions,Healthcare,17450.31,2025-12-24T20:29:29.926444,Routine procurement
INV-1A4F5B74,V-GOOD-02,City Power Corp,Infrastructure,31159.98,2025-09-23T00:51:46.926444,Routine procurement
INV-46B9E427,V-GOOD-03,Global Tech Solutions,Healthcare,13914.47,2025-12-20T05:49:56.926444,Routine procurement
INV-01478DC6,V-GOOD-02,City Power Corp,Infrastructure,13968.27,2025-09-24T20:00:29.926444,Routine procurement
INV-42742371,V-GOOD-03,Global Tech Solutions,Transport,47746.67,2025-10-26T00:17:39.926444,Routine procurement
INV-78156813,V-GOOD-03,Global Tech Solutions,Healthcare,19336.86,2025-12-22T10:59:48.926444,Routine procurement
INV-FD9C8256,V-GOOD-01,Standard Supplies Inc,Healthcare,10437.54,2025-09-23T09:33:05.926444,Routine procurement
INV-ADDCB36B,V-GOOD-01,Standard Supplies Inc,Healthcare,29247.56,2025-07-31T20:12:36.926444,Routine procurement
INV-941FCFEF,V-GOOD-03,Global Tech Solutions,Defense,2639.58,2025-11-27T21:03:40.926444,Routine procurement
INV-4309E0CF,V-GOOD-03,Global Tech Solutions,Infrastructure,15133.6,2025-08-29T05:42:03.926444,Routine procurement
INV-DDAE31EC,V-GOOD-01,Standard Supplies Inc,Infrastructure,38486.71,2025-12-02T15:59:05.926444,Routine procurement
INV-893F88CD,V-GOOD-01,Standard Supplies Inc,Infrastructure,24760.09,2025-09-15T23:26:56.926444,Routine procurement
INV-982CB2CE,V-GOOD-02,City Power Corp,Defense,38293.47,2025-08-11T06:30:44.926444,Routine procurement
INV-E2FD27F9,V-GOOD-03,Global Tech Solutions,Defense,44315.11,2025-10-23T06:09:16.926444,Routine procurement
INV-67B2DF25,V-GOOD-01,Standard Supplies Inc,Education,10546.92,2025-12-13T05:54:28.926444,Routine procurement
INV-87DA062E,V-GOOD-01,Standard Supplies Inc,Healthcare,15120.57,2025-12-29T19:41:45.926444,Routine procurement
INV-01729E73,V-GOOD-02,City Power Corp,Education,16173.24,2025-11-02T15:39:43.926444,Routine procurement
INV-97A7042D,V-GOOD-03,Global Tech Solutions,Education,28236.75,2025-12-19T08:40:14.926444,Routine procurement
INV-AC48D19B,V-GOOD-01,Standard Supplies Inc,Infrastructure,13010.13,2025-07-24T23:04:44.926444,Routine procurement
INV-FC7502DE,V-GOOD-01,Standard Supplies Inc,Infrastructure,5800.68,2025-10-24T02:27:32.926444,Routine procurement
INV-21D90BB1,V-GOOD-01,Standard Supplies Inc,Infrastructure,46527.96,2025-10-18T17:05:42.926444,Routine procurement
INV-167E9F8C,V-GOOD-03,Global Tech Solutions,Healthcare,12212.05,2025-11-16T22:39:43.926444,Routine procurement
INV-E05302E2,V-GOOD-01,Standard Supplies Inc,Healthcare,16456.68,2025-08-11T01:22:14.926444,Routine procurement
INV-3BAFB1F1,V-GOOD-01,Standard Supplies Inc,Infrastructure,46697.58,2025-07-18T07:35:29.926444,Routine procurement
INV-8E0C33DE,V-GOOD-02,City Power Corp,Transport,11078.55,2026-01-01T17:29:34.926444,Routine procurement
INV-55BE5F55,V-GOOD-01,Standard Supplies Inc,Transport,8151.35,2025-08-17T18:35:33.926444,Routine procurement
INV-CE13DCF1,V-GOOD-01,Standard Supplies Inc,Education,23317.64,2025-08-20T17:52:23.926444,Routine procurement
INV-5789BE21,V-GOOD-03,Global Tech Solutions,Transport,38230.73,2025-10-19T03:29:04.926444,Routine procurement
INV-9FD0ABB8,V-GOOD-02,City Power Corp,Defense,33970.21,2025-12-10T06:28:23.926444,Routine procurement
INV-6EE29117,V-GOOD-01,Standard Supplies Inc,Transport,11507.58,2025-10-15T16:52:33.926444,Routine procurement
INV-F512E6B6,V-GOOD-01,Standard Supplies Inc,Infrastructure,48661.25,2025-10-14T10:16:12.926444,Routine procurement
INV-107EFCEB,V-GOOD-01,Standard Supplies Inc,Education,47970.15,2026-01-01T18:58:40.926444,Routine procurement
INV-9A54743C,V-GOOD-01,Standard Supplies Inc,Healthcare,13420.03,2025-09-26T15:47:08.926444,Routine procurement
INV-6DC65140,V-GOOD-03,Global Tech Solutions,Healthcare,30557.14,2025-11-25T23:35:54.926444,Routine procurement
INV-8209A31E,V-GOOD-01,Standard Supplies Inc,Defense,27657.8,2025-09-14T12:14:08.926444,Routine procurement
INV-C7CC2261,V-GOOD-01,Standard Supplies Inc,Transport,6590.62,2025-08-20T07:51:19.926444,Routine procurement
INV-006C2708,V-GOOD-01,Standard Supplies Inc,Infrastructure,7084.14,2025-10-11T09:57:28.926444,Routine procurement
INV-C7043A88,V-GOOD-02,City Power Corp,Transport,36151.5,2025-12-20T04:48:44.926444,Routine procurement
INV-13FAE2ED,V-GOOD-02,City Power Corp,Transport,7106.0,2025-12-07T06:18:26.926444,Routine procurement
INV-C2D4FBE1,V-GOOD-03,Global Tech Solutions,Infrastructure,20472.25,2025-12-29T09:50:55.926444,Routine procurement
INV-AF491573,V-GOOD-03,Global Tech Solutions,Defense,43686.7,2025-10-15T15:41:39.926444,Routine procurement
INV-3117FDB7,V-GOOD-02,City Power Corp,Transport,19380.36,2025-07-18T12:54:50.926444,Routine procurement
INV-FAB78A53,V-GOOD-03,Global Tech Solutions,Healthcare,25781.75,2025-09-18T05:10:42.926444,Routine procurement
INV-A4DC5A4D,V-GOOD-03,Global Tech Solutions,Transport,44561.32,2025-10-25T08:48:36.926444,Routine procurement
INV-5162BF7C,V-GOOD-03,Global Tech Solutions,Education,45941.84,2025-12-03T04:31:30.926444,Routine procurement
INV-A0AED600,V-GOOD-02,City Power Corp,Healthcare,37646.28,2025-11-15T02:18:22.926444,Routine procurement
INV-8E660A5B,V-GOOD-01,Standard Supplies Inc,Transport,43341.12,2025-10-08T20:35:53.926444,Routine procurement
INV-53DC2848,V-GOOD-03,Global Tech Solutions,Transport,7164.88,2025-09-04T02:33:16.926444,Routine procurement
INV-7FC083C0,V-GOOD-01,Standard Supplies Inc,Education,19606.86,2025-11-15T15:16:25.926444,Routine procurement
INV-57FAD75A,V-GOOD-03,Global Tech Solutions,Healthcare,12766.17,2025-09-18T18:41:01.926444,Routine procurement
INV-CD23FB10,V-GOOD-03,Global Tech Solutions,Healthcare,23968.17,2025-07-31T01:10:02.926444,Routine procurement
INV-34B0B4E3,V-GOOD-01,Standard Supplies Inc,Defense,12787.65,2025-08-15T08:57:14.926444,Routine procurement
INV-E3EA6CF7,V-GOOD-01,Standard Supplies Inc,Infrastructure,32725.13,2025-08-04T02:47:13.926444,Routine procurement
INV-FAFF7050,V-GOOD-02,City Power Corp,Defense,34104.64,2025-11-28T01:10:13.926444,Routine procurement
INV-8AC1CC2B,V-GOOD-02,City Power Corp,Infrastructure,15683.49,2025-08-03T18:53:36.926444,Routine procurement
INV-6293BFBB,V-GOOD-03,Global Tech Solutions,Education,33854.73,2025-11-27T19:19:33.926444,Routine procurement
INV-9F3BBA3B,V-GOOD-01,Standard Supplies Inc,Defense,46391.29,2025-07-27T22:41:21.926444,Routine procurement
INV-BF19AC9F,V-GOOD-03,Global Tech Solutions,Infrastructure,8110.44,2025-11-25T18:19:52.926444,Routine procurement
INV-0B486619,V-GOOD-01,Standard Supplies Inc,Transport,32109.59,2025-09-15T17:18:17.926444,Routine procurement
INV-A35248AA,V-GOOD-02,City Power Corp,Transport,44549.57,2026-01-04T01:30:49.926444,Routine procurement
INV-665DCEDF,V-GOOD-01,Standard Supplies Inc,Transport,907.4,2025-10-24T11:41:14.926444,Routine procurement
INV-E2A200AB,V-GOOD-01,Standard Supplies Inc,Transport,43930.12,2025-11-04T02:08:08.926444,Routine procurement
INV-C331DDA2,V-GOOD-03,Global Tech Solutions,Education,29020.71,2026-01-02T11:39:53.926444,Routine procurement
INV-07444448,V-GOOD-03,Global Tech Solutions,Infrastructure,22719.66,2025-10-01T09:00:31.926444,Routine procurement
INV-DF634A8B,V-GOOD-02,City Power Corp,Infrastructure,40181.67,2025-08-29T04:13:04.926444,Routine procurement
INV-9BB94B5F,V-GOOD-01,Standard Supplies Inc,Healthcare,40453.28,2025-10-08T03:01:24.926444,Routine procurement
INV-8CB14C1C,V-GOOD-02,City Power Corp,Infrastructure,39943.04,2025-08-05T23:44:33.926444,Routine procurement
INV-39EC7965,V-GOOD-01,Standard Supplies Inc,Infrastructure,27710.91,2025-12-02T02:29:42.926444,Routine procurement
INV-EAE00975,V-GOOD-03,Global Tech Solutions,Defense,31522.2,2025-10-21T22:03:11.926444,Routine procurement
INV-2DD3DA69,V-GOOD-02,City Power Corp,Infrastructure,5353.16,2025-11-24T08:35:04.926444,Routine procurement
INV-AFCB8EDD,V-GOOD-01,Standard Supplies Inc,Defense,9683.0,2025-08-08T04:24:27.926444,Routine procurement
INV-A295D78A,V-GOOD-02,City Power Corp,Transport,17197.22,2025-12-14T09:40:59.926444,Routine procurement
INV-7099E084,V-GOOD-02,City Power Corp,Healthcare,31802.53,2025-08-25T10:32:58.926444,Routine procurement
INV-07ECDB93,V-GOOD-02,City Power Corp,Transport,13868.47,2025-12-02T19:02:28.926444,Routine procurement
INV-E2132C53,V-GOOD-01,Standard Supplies Inc,Transport,17524.21,2025-10-15T20:17:07.926444,Routine procurement
INV-C3F9296B,V-GOOD-02,City Power Corp,Healthcare,49001.56,2025-10-31T19:39:36.926444,Routine procurement
INV-669F27F9,V-GOOD-01,Standard Supplies Inc,Healthcare,7811.67,2025-08-09T01:18:30.926444,Routine procurement
INV-D48AADED,V-GOOD-02,City Power Corp,Transport,25325.84,2025-09-16T07:05:01.926444,Routine procurement
INV-99135E10,V-GOOD-03,Global Tech Solutions,Healthcare,9838.66,2025-10-01T18:46:47.926444,Routine procurement
INV-9876F386,V-GOOD-02,City Power Corp,Infrastructure,49389.49,2025-12-02T17:59:20.926444,Routine procurement
INV-5090D374,V-GOOD-02,City Power Corp,Education,37292.2,2025-07-23T09:28:58.926444,Routine procurement
INV-0C98BBC0,V-GOOD-01,Standard Supplies Inc,Transport,13904.63,2025-11-02T10:40:25.926444,Routine procurement
INV-079D77B8,V-GOOD-01,Standard Supplies Inc,Transport,19138.46,2025-07-31T20:23:52.926444,Routine procurement
INV-AF8777B9,V-GOOD-03,Global Tech Solutions,Infrastructure,12322.36,2025-11-21T18:44:51.926444,Routine procurement
INV-8D7123C3,V-GOOD-03,Global Tech Solutions,Infrastructure,11229.83,2025-12-08T18:30:59.926444,Routine procurement
INV-171B44C6,V-GOOD-01,Standard Supplies Inc,Transport,37751.34,2025-08-13T21:23:05.926444,Routine procurement
INV-FA02DA59,V-GOOD-01,Standard Supplies Inc,Education,29295.15,2025-12-13T07:04:55.926444,Routine procurement
INV-7CF47FA9,V-GOOD-01,Standard Supplies Inc,Infrastructure,6314.97,2025-11-01T09:33:51.926444,Routine procurement
INV-5CFF8763,V-GOOD-03,Global Tech Solutions,Defense,25357.0,2025-12-12T00:17:02.926444,Routine procurement
INV-896B13E6,V-GOOD-01,Standard Supplies Inc,Infrastructure,47623.75,2025-11-28T18:42:04.926444,Routine procurement
INV-82A89302,V-GOOD-01,Standard Supplies Inc,Infrastructure,21580.09,2025-08-01T15:10:51.926444,Routine procurement
INV-A9F05D64,V-GOOD-01,Standard Supplies Inc,Healthcare,21153.07,2025-09-15T18:53:07.926444,Routine procurement
INV-4145AE27,V-GOOD-02,City Power Corp,Healthcare,21673.2,2025-12-25T19:49:34.926444,Routine procurement
INV-0F4367E0,V-GOOD-03,Global Tech Solutions,Defense,45521.19,2025-12-13T10:45:32.926444,Routine procurement
INV-A467B08D,V-GOOD-01,Standard Supplies Inc,Defense,5000.91,2025-10-31T06:08:24.926444,Routine procurement
INV-D713A9B5,V-GOOD-01,Standard Supplies Inc,Infrastructure,49969.2,2025-10-08T22:39:29.926444,Routine procurement
INV-1400C280,V-GOOD-01,Standard Supplies Inc,Healthcare,8144.91,2025-10-29T03:12:35.926444,Routine procurement
INV-C07C8615,V-GOOD-03,Global Tech Solutions,Healthcare,6707.27,2025-09-20T03:34:55.926444,Routine procurement
INV-82D964F6,V-GOOD-01,Standard Supplies Inc,Defense,33985.6,2025-08-30T16:21:19.926444,Routine procurement
INV-13C35CF8,V-GOOD-01,Standard Supplies Inc,Defense,49554.69,2025-11-08T18:53:19.926444,Routine procurement
INV-DA650440,V-GOOD-03,Global Tech Solutions,Education,43557.74,2025-12-23T21:32:04.926444,Routine procurement
INV-A4E0AD1D,V-GOOD-02,City Power Corp,Infrastructure,34098.33,2025-12-20T16:25:17.926444,Routine procurement
INV-05F164B1,V-GOOD-01,Standard Supplies Inc,Infrastructure,35631.4,2025-11-15T11:20:36.926444,Routine procurement
INV-5874F41F,V-GOOD-02,City Power Corp,Defense,11666.52,2026-01-08T12:09:20.926444,Routine procurement
INV-7127936D,V-GOOD-02,City Power Corp,Education,29215.62,2025-12-29T02:07:57.926444,Routine procurement
INV-CE01AF0F,V-GOOD-01,Standard Supplies Inc,Education,9505.92,2025-09-01T15:11:09.926444,Routine procurement
INV-5C147616,V-GOOD-03,Global Tech Solutions,Healthcare,25132.11,2025-12-12T16:20:55.926444,Routine procurement
INV-7DC7A55D,V-GOOD-03,Global Tech Solutions,Infrastructure,48417.27,2025-10-08T07:35:27.926444,Routine procurement
INV-5133946A,V-GOOD-02,City Power Corp,Transport,39710.84,2025-09-25T10:12:59.926444,Routine procurement
INV-567DCB0E,V-GOOD-01,Standard Supplies Inc,Infrastructure,38735.67,2025-12-18T09:41:56.926444,Routine procurement
INV-89C60A8D,V-GOOD-03,Global Tech Solutions,Defense,9636.0,2025-08-03T23:55:09.926444,Routine procurement
INV-F11683CB,V-GOOD-02,City Power Corp,Transport,34203.7,2025-12-22T20:32:46.926444,Routine procurement
INV-7E658378,V-GOOD-01,Standard Supplies Inc,Education,19602.08,2025-08-06T02:40:15.926444,Routine procurement
INV-02599635,V-GOOD-02,City Power Corp,Defense,7960.73,2025-07-30T08:29:46.926444,Routine procurement
INV-B2B3A083,V-GOOD-01,Standard Supplies Inc,Transport,3168.74,2025-07-20T22:03:41.926444,Routine procurement
INV-B03EE873,V-GOOD-02,City Power Corp,Transport,22880.27,2025-07-20T01:54:12.926444,Routine procurement
INV-18E97AC3,V-GOOD-01,Standard Supplies Inc,Education,33190.74,2025-07-26T11:49:36.926444,Routine procurement
INV-9525E057,V-GOOD-02,City Power Corp,Education,30535.98,2025-07-15T06:52:30.926444,Routine procurement
INV-B25C28CD,V-GOOD-01,Standard Supplies Inc,Defense,16815.87,2025-12-25T11:29:13.926444,Routine procurement
INV-BBB222D1,V-GOOD-02,City Power Corp,Healthcare,22507.99,2025-09-20T18:12:30.926444,Routine procurement
INV-3EC3135A,V-GOOD-02,City Power Corp,Infrastructure,16904.73,2025-10-31T11:06:23.926444,Routine procurement
INV-8A4935C8,V-GOOD-03,Global Tech Solutions,Infrastructure,23502.57,2025-07-15T14:22:56.926444,Routine procurement
INV-409CE80C,V-GOOD-03,Global Tech Solutions,Transport,7997.43,2025-08-10T02:36:33.926444,Routine procurement
INV-7A3895E9,V-GOOD-02,City Power Corp,Education,29619.2,2025-12-22T10:43:27.926444,Routine procurement
INV-54A83A12,V-GOOD-03,Global Tech Solutions,Transport,42329.33,2025-11-05T18:26:40.926444,Routine procurement
INV-C2C658A4,V-GOOD-02,City Power Corp,Education,15861.07,2025-10-23T09:21:35.926444,Routine procurement
INV-405EED8A,V-GOOD-01,Standard Supplies Inc,Transport,49458.05,2025-11-29T17:32:12.926444,Routine procurement
INV-A78D1E02,V-GOOD-02,City Power Corp,Defense,5517.22,2025-12-26T15:52:02.926444,Routine procurement
INV-DD30745D,V-GOOD-02,City Power Corp,Education,16081.96,2025-09-09T17:49:15.926444,Routine procurement
INV-32A2D58B,V-GOOD-01,Standard Supplies Inc,Infrastructure,1151.84,2025-09-28T00:31:50.926444,Routine procurement
INV-A903F48C,V-GOOD-03,Global Tech Solutions,Defense,10326.5,2025-11-24T23:55:58.926444,Routine procurement
INV-1B9534BA,V-GOOD-02,City Power Corp,Infrastructure,33320.09,2025-09-11T05:07:14.926444,Routine procurement
INV-DE5841ED,V-GOOD-01,Standard Supplies Inc,Infrastructure,21944.67,2025-10-13T13:31:10.926444,Routine procurement
INV-CE26F106,V-GOOD-03,Global Tech Solutions,Education,10229.56,2025-07-27T16:25:33.926444,Routine procurement
INV-8DFE970F,V-GOOD-03,Global Tech Solutions,Healthcare,29951.56,2025-08-26T14:00:03.926444,Routine procurement
INV-A6170477,V-GOOD-02,City Power Corp,Healthcare,26925.43,2025-08-12T13:55:26.926444,Routine procurement
INV-B1B7D5A3,V-GOOD-01,Standard Supplies Inc,Infrastructure,6293.77,2025-08-10T22:23:10.926444,Routine procurement
INV-E6719BCA,V-GOOD-03,Global Tech Solutions,Defense,11637.35,2025-10-01T23:41:51.926444,Routine procurement
INV-3DF5727E,V-GOOD-03,Global Tech Solutions,Defense,26597.99,2025-10-28T01:42:51.926444,Routine procurement
INV-B2588EA5,V-GOOD-02,City Power Corp,Education,40453.47,2025-11-06T05:23:18.926444,Routine procurement
INV-AFF836AE,V-GOOD-02,City Power Corp,Education,8816.17,2025-12-28T01:16:29.926444,Routine procurement
INV-9D3AB662,V-GOOD-02,City Power Corp,Infrastructure,31468.71,2025-11-01T04:44:07.926444,Routine procurement
INV-D73C0315,V-GOOD-01,Standard Supplies Inc,Defense,24624.35,2025-09-03T17:50:16.926444,Routine procurement
INV-9C985D72,V-GOOD-02,City Power Corp,Education,43921.04,2025-07-21T03:52:12.926444,Routine procurement
INV-51A88061,V-GOOD-02,City Power Corp,Infrastructure,27183.47,2025-09-20T05:12:37.926444,Routine procurement
INV-1E2FABD9,V-GOOD-03,Global Tech Solutions,Healthcare,22823.74,2025-07-17T21:28:18.926444,Routine procurement
INV-580ACD64,V-GOOD-03,Global Tech Solutions,Infrastructure,48919.18,2025-10-03T04:29:13.926444,Routine procurement
INV-3B5E7B0D,V-GOOD-03,Global Tech Solutions,Healthcare,38213.93,2025-09-01T16:28:25.926444,Routine procurement
INV-7E70482A,V-GOOD-01,Standard Supplies Inc,Education,38331.41,2025-12-22T09:05:11.926444,Routine procurement
INV-41908FE3,V-GOOD-03,Global Tech Solutions,Education,38026.43,2025-09-22T01:12:05.926444,Routine procurement
INV-52AF7FFF,V-GOOD-03,Global Tech Solutions,Education,41820.16,2025-08-10T23:46:21.926444,Routine procurement
INV-853C1611,V-GOOD-02,City Power Corp,Defense,36855.47,2025-10-07T05:44:32.926444,Routine procurement
INV-A79EC9A7,V-GOOD-01,Standard Supplies Inc,Infrastructure,34138.84,2025-11-07T02:41:58.926444,Routine procurement
INV-9753E438,V-GOOD-03,Global Tech Solutions,Infrastructure,30959.14,2025-11-01T11:01:33.926444,Routine procurement
INV-FEFF7406,V-GOOD-01,Standard Supplies Inc,Education,31596.46,2025-08-16T20:53:54.926444,Routine procurement
INV-09B3373B,V-GOOD-02,City Power Corp,Transport,46845.35,2025-09-26T13:27:36.926444,Routine procurement
INV-07A840E5,V-GOOD-02,City Power Corp,Healthcare,616.6,2025-08-26T12:01:16.926444,Routine procurement
INV-D516C494,V-GOOD-01,Standard Supplies Inc,Education,817.83,2025-11-10T22:45:29.926444,Routine procurement
INV-E461FBFB,V-GOOD-02,City Power Corp,Transport,35887.9,2025-12-26T21:45:42.926444,Routine procurement
INV-C9E7F07F,V-GOOD-01,Standard Supplies Inc,Education,40499.14,2025-10-21T11:10:35.926444,Routine procurement
INV-6CDF3381,V-GOOD-01,Standard Supplies Inc,Infrastructure,10228.89,2025-11-17T22:55:46.926444,Routine procurement
INV-E4C78A32,V-GOOD-02,City Power Corp,Transport,27215.29,2025-10-25T01:13:27.926444,Routine procurement
INV-CB34D1D8,V-GOOD-01,Standard Supplies Inc,Transport,26868.56,2025-10-08T07:52:02.926444,Routine procurement
INV-B8EA6299,V-GOOD-03,Global Tech Solutions,Transport,13155.5,2025-10-10T00:29:42.926444,Routine procurement
INV-4CDBE844,V-GOOD-03,Global Tech Solutions,Defense,18753.1,2025-08-25T03:14:47.926444,Routine procurement
INV-0B8C4A50,V-GOOD-02,City Power Corp,Infrastructure,32145.24,2025-07-28T17:11:57.926444,Routine procurement
INV-77359C6C,V-GOOD-03,Global Tech Solutions,Infrastructure,20589.36,2025-10-08T15:16:34.926444,Routine procurement
INV-AF2C9393,V-GOOD-01,Standard Supplies Inc,Infrastructure,27745.62,2025-10-12T00:09:49.926444,Routine procurement
INV-70629483,V-GOOD-03,Global Tech Solutions,Infrastructure,26932.98,2026-01-04T20:23:37.926444,Routine procurement
INV-02213384,V-GOOD-02,City Power Corp,Transport,41440.62,2025-11-08T13:25:42.926444,Routine procurement
INV-B805D02E,V-GOOD-02,City Power Corp,Infrastructure,40696.83,2025-11-02T05:17:17.926444,Routine procurement
INV-C789E3EC,V-GOOD-03,Global Tech Solutions,Education,14707.31,2025-08-30T12:57:34.926444,Routine procurement
INV-654CC815,V-GOOD-02,City Power Corp,Infrastructure,21250.18,2025-09-23T08:24:02.926444,Routine procurement
INV-6C9C7821,V-GOOD-01,Standard Supplies Inc,Defense,33125.24,2025-11-21T00:43:35.926444,Routine procurement
INV-EACED56A,V-GOOD-01,Standard Supplies Inc,Transport,13511.43,2025-09-30T08:14:30.926444,Routine procurement
INV-AB32C3D8,V-GOOD-01,Standard Supplies Inc,Infrastructure,25180.14,2025-10-30T22:18:06.926444,Routine procurement
INV-87B92789,V-GOOD-01,Standard Supplies Inc,Healthcare,24121.17,2025-07-19T18:27:48.926444,Routine procurement
INV-7D78D355,V-GOOD-01,Standard Supplies Inc,Education,30021.68,2025-12-06T12:00:08.926444,Routine procurement
INV-1D19642F,V-GOOD-01,Standard Supplies Inc,Transport,18349.58,2025-11-29T12:01:38.926444,Routine procurement
INV-3225F538,V-GOOD-02,City Power Corp,Infrastructure,23325.39,2025-09-09T11:57:42.926444,Routine procurement
INV-0ECFFF5F,V-GOOD-03,Global Tech Solutions,Infrastructure,21887.02,2025-11-02T16:14:51.926444,Routine procurement
INV-A52520D8,V-GOOD-03,Global Tech Solutions,Infrastructure,10089.7,2025-08-10T15:45:27.926444,Routine procurement
INV-E36786FF,V-GOOD-01,Standard Supplies Inc,Defense,8261.18,2025-11-25T09:59:03.926444,Routine procurement
INV-D5DA87CD,V-GOOD-03,Global Tech Solutions,Education,30301.81,2025-08-06T08:15:44.926444,Routine procurement
INV-E1A17C8D,V-GOOD-03,Global Tech Solutions,Infrastructure,21423.85,2025-08-07T01:07:48.926444,Routine procurement
INV-8FD62395,V-GOOD-01,Standard Supplies Inc,Transport,45773.84,2025-12-12T15:30:23.926444,Routine procurement
INV-1ACD061A,V-GOOD-03,Global Tech Solutions,Defense,48236.94,2025-08-07T01:30:31.926444,Routine procurement
INV-3735C66A,V-GOOD-03,Global Tech Solutions,Transport,13723.45,2025-12-12T17:43:30.926444,Routine procurement
INV-BD72A323,V-GOOD-01,Standard Supplies Inc,Education,2121.02,2025-09-17T22:01:56.926444,Routine procurement
INV-141FDA75,V-GOOD-01,Standard Supplies Inc,Infrastructure,24791.45,2025-10-14T12:53:16.926444,Routine procurement
INV-BC3BE40A,V-GOOD-03,Global Tech Solutions,Transport,530.28,2025-12-26T22:09:22.926444,Routine procurement
INV-9CF7210D,V-GOOD-01,Standard Supplies Inc,Transport,31919.58,2026-01-01T09:08:11.926444,Routine procurement
INV-0CB2D7BA,V-GOOD-01,Standard Supplies Inc,Transport,32050.97,2025-09-23T12:35:19.926444,Routine procurement
INV-A6C8CDE5,V-GOOD-02,City Power Corp,Healthcare,39496.76,2025-12-11T03:45:02.926444,Routine procurement
INV-0F57CA82,V-GOOD-03,Global Tech Solutions,Defense,46716.63,2025-10-07T22:33:59.926444,Routine procurement
INV-074A3EC1,V-GOOD-02,City Power Corp,Transport,11464.32,2025-07-29T03:45:06.926444,Routine procurement
INV-D8B60BC0,V-GOOD-02,City Power Corp,Education,19516.37,2025-11-05T22:12:51.926444,Routine procurement
INV-FC2B177D,V-GOOD-01,Standard Supplies Inc,Education,10817.36,2025-12-16T08:36:41.926444,Routine procurement
INV-0CC01B33,V-GOOD-03,Global Tech Solutions,Healthcare,11856.22,2025-07-26T08:56:36.926444,Routine procurement
INV-5B2C51AE,V-GOOD-01,Standard Supplies Inc,Transport,9212.24,2025-10-18T15:24:13.926444,Routine procurement
INV-08156FC1,V-GOOD-01,Standard Supplies Inc,Infrastructure,12226.51,2025-08-24T12:13:33.926444,Routine procurement
INV-2B5FB639,V-GOOD-03,Global Tech Solutions,Education,37016.22,2025-08-08T05:01:38.926444,Routine procurement
INV-31441CBE,V-GOOD-03,Global Tech Solutions,Infrastructure,7197.96,2025-10-05T14:59:18.926444,Routine procurement
INV-56AFA881,V-GOOD-03,Global Tech Solutions,Education,32825.97,2025-08-23T11:04:13.926444,Routine procurement
INV-E1EA8825,V-GOOD-01,Standard Supplies Inc,Healthcare,16133.25,2025-08-28T05:45:51.926444,Routine procurement
INV-76A86F5B,V-GOOD-01,Standard Supplies Inc,Education,24633.14,2025-10-24T05:43:28.926444,Routine procurement
INV-F1337A13,V-GOOD-03,Global Tech Solutions,Healthcare,9425.04,2025-09-25T15:51:58.926444,Routine procurement
INV-29D214B7,V-GOOD-02,City Power Corp,Education,16439.41,2025-12-30T01:47:46.926444,Routine procurement
INV-0CBCF473,V-GOOD-01,Standard Supplies Inc,Healthcare,21969.14,2025-09-10T01:03:25.926444,Routine procurement
INV-86B64BB0,V-GOOD-02,City Power Corp,Healthcare,15554.75,2025-08-18T07:44:33.926444,Routine procurement
INV-43CA3E17,V-GOOD-03,Global Tech Solutions,Infrastructure,859.5,2025-09-29T08:27:58.926444,Routine procurement
INV-5CBD5877,V-GOOD-01,Standard Supplies Inc,Transport,35304.43,2025-10-01T06:15:55.926444,Routine procurement
INV-56213D6A,V-GOOD-01,Standard Supplies Inc,Defense,35074.65,2025-07-19T03:36:27.926444,Routine procurement
INV-DA585D25,V-GOOD-03,Global Tech Solutions,Transport,37942.47,2025-09-27T19:48:51.926444,Routine procurement
INV-BAD20E65,V-GOOD-01,Standard Supplies Inc,Defense,47914.88,2025-07-18T17:38:44.926444,Routine procurement
INV-276B1C30,V-GOOD-03,Global Tech Solutions,Infrastructure,5386.54,2025-09-01T12:24:04.926444,Routine procurement
INV-AAD47DDB,V-GOOD-01,Standard Supplies Inc,Healthcare,16174.12,2025-09-26T00:37:06.926444,Routine procurement
INV-0A8BAD4B,V-GOOD-03,Global Tech Solutions,Education,21041.95,2025-12-02T03:32:31.926444,Routine procurement
INV-A88ED5E9,V-GOOD-02,City Power Corp,Healthcare,3221.06,2025-12-05T11:43:59.926444,Routine procurement
INV-7C982D93,V-GOOD-03,Global Tech Solutions,Defense,15594.91,2025-08-10T20:25:57.926444,Routine procurement
INV-86C63BFC,V-GOOD-01,Standard Supplies Inc,Healthcare,3228.49,2025-11-03T21:06:25.926444,Routine procurement
INV-8335327E,V-GOOD-01,Standard Supplies Inc,Defense,32820.0,2025-10-01T15:06:49.926444,Routine procurement
INV-DE26D6E3,V-GOOD-03,Global Tech Solutions,Infrastructure,40928.09,2025-11-25T04:37:46.926444,Routine procurement
INV-F9B2DD61,V-GOOD-02,City Power Corp,Healthcare,20176.85,2025-12-10T20:41:16.926444,Routine procurement
INV-8C034191,V-GOOD-03,Global Tech Solutions,Education,42388.42,2025-12-30T00:18:28.926444,Routine procurement
INV-B73C9DD5,V-GOOD-03,Global Tech Solutions,Healthcare,29541.21,2025-10-29T02:11:05.926444,Routine procurement
INV-586D9BD3,V-GOOD-01,Standard Supplies Inc,Transport,23313.49,2025-09-01T08:13:13.926444,Routine procurement
INV-FC623141,V-GOOD-01,Standard Supplies Inc,Defense,17550.63,2025-11-05T00:56:31.926444,Routine procurement
INV-82EF8AC0,V-GOOD-01,Standard Supplies Inc,Healthcare,30712.08,2025-09-15T10:07:56.926444,Routine procurement
INV-C3BF3B80,V-GOOD-03,Global Tech Solutions,Healthcare,10645.66,2025-07-19T19:45:59.926444,Routine procurement
INV-57BB55F3,V-GOOD-03,Global Tech Solutions,Defense,41541.09,2025-09-06T01:59:13.926444,Routine procurement
INV-9458727F,V-GOOD-01,Standard Supplies Inc,Defense,18948.35,2025-08-17T04:24:02.926444,Routine procurement
INV-E0DA70CE,V-GOOD-01,Standard Supplies Inc,Infrastructure,1329.79,2025-09-08T21:01:01.926444,Routine procurement
INV-6311A8F9,V-GOOD-01,Standard Supplies Inc,Transport,6246.32,2025-08-09T18:14:00.926444,Routine procurement
INV-25D12F71,V-GOOD-02,City Power Corp,Infrastructure,38931.25,2025-08-30T18:12:45.926444,Routine procurement
INV-8557E8D4,V-GOOD-03,Global Tech Solutions,Transport,3545.23,2025-11-17T04:46:51.926444,Routine procurement
INV-512D7C0D,V-GOOD-01,Standard Supplies Inc,Infrastructure,27065.36,2025-07-21T20:24:55.926444,Routine procurement
INV-6EAA6FDD,V-GOOD-02,City Power Corp,Defense,17160.09,2026-01-03T09:46:43.926444,Routine procurement
INV-8B6255A0,V-GOOD-03,Global Tech Solutions,Education,8176.75,2025-11-20T03:10:51.926444,Routine procurement
INV-F3005EE8,V-GOOD-02,City Power Corp,Infrastructure,45736.48,2025-12-23T06:24:30.926444,Routine procurement
INV-E5255DB6,V-GOOD-02,City Power Corp,Healthcare,46170.63,2025-09-03T12:35:12.926444,Routine procurement
INV-C3A4CF65,V-GOOD-02,City Power Corp,Education,22972.69,2025-07-25T05:53:46.926444,Routine procurement
INV-2F8AE63E,V-GOOD-02,City Power Corp,Defense,30461.75,2025-08-25T04:12:15.926444,Routine procurement
INV-0C997C97,V-GOOD-02,City Power Corp,Transport,22934.64,2025-11-18T16:21:57.926444,Routine procurement
INV-B3E896C0,V-GOOD-01,Standard Supplies Inc,Healthcare,3032.6,2025-10-31T17:06:30.926444,Routine procurement
INV-34EEAB5D,V-GOOD-01,Standard Supplies Inc,Healthcare,47644.31,2025-09-24T20:04:28.926444,Routine procurement
INV-C8F6C2CA,V-GOOD-02,City Power Corp,Defense,27052.86,2025-11-02T15:34:59.926444,Routine procurement
INV-5D59FB73,V-GOOD-02,City Power Corp,Education,49052.11,2025-08-01T17:54:40.926444,Routine procurement
INV-70612AFD,V-GOOD-03,Global Tech Solutions,Transport,12356.41,2025-09-28T16:22:27.926444,Routine procurement
INV-3A7539DB,V-GOOD-03,Global Tech Solutions,Defense,30074.8,2025-12-23T21:11:26.926444,Routine procurement
INV-606F1684,V-GOOD-03,Global Tech Solutions,Infrastructure,40524.75,2025-10-11T02:11:08.926444,Routine procurement
INV-BA3B0733,V-GOOD-03,Global Tech Solutions,Transport,2921.26,2025-08-07T21:15:44.926444,Routine procurement
INV-058EB7E9,V-GOOD-03,Global Tech Solutions,Education,31772.63,2025-10-07T23:21:54.926444,Routine procurement
INV-B0C3992E,V-GOOD-03,Global Tech Solutions,Healthcare,9147.24,2025-09-15T19:13:11.926444,Routine procurement
INV-BDA18F35,V-GOOD-02,City Power Corp,Healthcare,4607.42,2025-10-26T18:46:55.926444,Routine procurement
INV-C6F3FD11,V-GOOD-03,Global Tech Solutions,Healthcare,46491.5,2025-08-18T10:31:42.926444,Routine procurement
INV-D5FC76DD,V-GOOD-02,City Power Corp,Education,44400.91,2025-12-06T20:55:52.926444,Routine procurement
INV-BEAE615D,V-GOOD-01,Standard Supplies Inc,Transport,26948.69,2026-01-09T22:04:38.926444,Routine procurement
INV-7928603F,V-GOOD-02,City Power Corp,Education,14550.34,2025-09-05T22:43:07.926444,Routine procurement
INV-AE4C0B8B,V-GOOD-02,City Power Corp,Defense,12958.5,2025-10-22T23:19:17.926444,Routine procurement
INV-20F0D4A6,V-GOOD-03,Global Tech Solutions,Defense,42015.95,2025-09-03T20:22:17.926444,Routine procurement
INV-8AAB8A42,V-GOOD-03,Global Tech Solutions,Defense,1017.69,2025-09-04T18:30:34.926444,Routine procurement
INV-B10F343D,V-GOOD-03,Global Tech Solutions,Defense,5436.34,2025-11-07T22:33:15.926444,Routine procurement
INV-51EECF3F,V-GOOD-02,City Power Corp,Healthcare,17563.87,2025-10-22T01:24:09.926444,Routine procurement
INV-B2C55698,V-GOOD-03,Global Tech Solutions,Transport,21806.88,2025-10-02T17:07:40.926444,Routine procurement
INV-24FFA3FA,V-GOOD-03,Global Tech Solutions,Infrastructure,13324.6,2025-12-31T03:13:15.926444,Routine procurement
INV-B0F4ED63,V-GOOD-03,Global Tech Solutions,Healthcare,18235.26,2025-07-24T18:20:56.926444,Routine procurement
INV-742C12A1,V-GOOD-01,Standard Supplies Inc,Healthcare,24634.99,2025-07-29T12:55:19.926444,Routine procurement
INV-BEAA0142,V-GOOD-03,Global Tech Solutions,Transport,35782.84,2025-09-15T01:30:47.926444,Routine procurement
INV-F2FA91D1,V-GOOD-01,Standard Supplies Inc,Healthcare,744.29,2025-12-09T21:24:24.926444,Routine procurement
INV-B490A2A6,V-GOOD-03,Global Tech Solutions,Infrastructure,20958.16,2025-10-07T15:53:25.926444,Routine procurement
INV-44AF61EC,V-GOOD-03,Global Tech Solutions,Infrastructure,17515.37,2025-12-24T15:52:50.926444,Routine procurement
INV-19E65B00,V-GOOD-01,Standard Supplies Inc,Transport,38340.06,2026-01-01T06:05:09.926444,Routine procurement
INV-9BEB8813,V-GOOD-03,Global Tech Solutions,Healthcare,6865.46,2025-08-31T17:58:40.926444,Routine procurement
INV-FDB4C6A9,V-GOOD-01,Standard Supplies Inc,Transport,10295.46,2025-10-30T04:47:27.926444,Routine procurement
INV-85AFE69F,V-GOOD-03,Global Tech Solutions,Infrastructure,25625.85,2025-11-24T02:14:25.926444,Routine procurement
INV-2F87566A,V-GOOD-02,City Power Corp,Infrastructure,34194.56,2025-10-25T18:27:39.926444,Routine procurement
INV-78812D12,V-GOOD-02,City Power Corp,Education,24434.11,2025-12-27T10:24:23.926444,Routine procurement
INV-44BB3B99,V-GOOD-03,Global Tech Solutions,Education,12588.76,2025-09-20T19:16:27.926444,Routine procurement
INV-85BDCE9C,V-GOOD-03,Global Tech Solutions,Defense,48320.69,2025-08-06T21:30:03.926444,Routine procurement
INV-E09AF331,V-GOOD-03,Global Tech Solutions,Infrastructure,29538.55,2025-10-04T04:22:17.926444,Routine procurement
INV-7618526D,V-GOOD-01,Standard Supplies Inc,Defense,40326.72,2025-08-12T19:14:21.926444,Routine procurement
INV-197193FD,V-GOOD-01,Standard Supplies Inc,Defense,28683.88,2025-08-19T22:50:00.926444,Routine procurement
INV-96CC94D6,V-GOOD-01,Standard Supplies Inc,Transport,28107.46,2025-11-18T06:52:10.926444,Routine procurement
INV-B1853364,V-GOOD-03,Global Tech Solutions,Education,31199.01,2025-09-10T04:38:04.926444,Routine procurement
INV-DD82E93B,V-GOOD-02,City Power Corp,Defense,3831.18,2025-07-17T17:24:48.926444,Routine procurement
INV-69A6C8B7,V-GOOD-02,City Power Corp,Defense,32539.65,2025-08-21T06:47:58.926444,Routine procurement
INV-5CA4E645,V-GOOD-03,Global Tech Solutions,Defense,3094.83,2025-11-17T02:17:08.926444,Routine procurement
INV-FF82B547,V-GOOD-02,City Power Corp,Defense,18792.58,2025-12-29T09:03:11.926444,Routine procurement
INV-92366B14,V-GOOD-01,Standard Supplies Inc,Education,36108.84,2025-07-18T21:09:26.926444,Routine procurement
INV-A1A1A1BB,V-GOOD-01,Standard Supplies Inc,Defense,46337.7,2025-11-06T00:35:35.926444,Routine procurement
INV-D97F2D16,V-GOOD-03,Global Tech Solutions,Transport,11636.33,2025-08-16T22:07:02.926444,Routine procurement
INV-2E2E253E,V-GOOD-01,Standard Supplies Inc,Transport,23447.16,2025-10-09T20:41:19.926444,Routine procurement
INV-8C415E85,V-GOOD-02,City Power Corp,Education,3220.06,2025-08-28T02:54:00.926444,Routine procurement
INV-E125E687,V-GOOD-02,City Power Corp,Healthcare,14884.32,2025-11-27T12:35:18.926444,Routine procurement
INV-E7B637F6,V-GOOD-02,City Power Corp,Infrastructure,27821.55,2025-10-13T12:34:04.926444,Routine procurement
INV-C026D286,V-GOOD-01,Standard Supplies Inc,Transport,5782.41,2025-10-16T02:51:17.926444,Routine procurement
INV-06405581,V-GOOD-03,Global Tech Solutions,Education,46089.47,2025-12-16T10:59:33.926444,Routine procurement
INV-35B85AA6,V-GOOD-03,Global Tech Solutions,Healthcare,10372.26,2025-10-05T17:14:17.926444,Routine procurement
INV-4C69D22C,V-GOOD-03,Global Tech Solutions,Transport,41467.05,2025-10-22T15:54:52.926444,Routine procurement
INV-DF56B7AD,V-GOOD-03,Global Tech Solutions,Infrastructure,27627.05,2025-12-10T14:52:53.926444,Routine procurement
INV-E6093C98,V-GOOD-01,Standard Supplies Inc,Transport,43543.76,2025-11-09T02:02:14.926444,Routine procurement
INV-AAE9764D,V-GOOD-01,Standard Supplies Inc,Healthcare,47752.4,2025-09-08T11:25:35.926444,Routine procurement
INV-AAA88F91,V-GOOD-01,Standard Supplies Inc,Healthcare,9922.08,2025-10-24T22:34:26.926444,Routine procurement
INV-ED88CE72,V-GOOD-01,Standard Supplies Inc,Healthcare,38429.78,2025-08-20T17:04:51.926444,Routine procurement
INV-B4069A14,V-GOOD-03,Global Tech Solutions,Defense,42134.35,2025-10-01T13:26:35.926444,Routine procurement
INV-FA6D473A,V-GOOD-03,Global Tech Solutions,Education,13265.92,2025-12-20T02:45:03.926444,Routine procurement
INV-D18339C8,V-GOOD-02,City Power Corp,Defense,11067.48,2025-10-09T01:53:57.926444,Routine procurement
INV-5C21D6D4,V-GOOD-01,Standard Supplies Inc,Education,39486.23,2025-08-22T03:16:36.926444,Routine procurement
INV-C306180F,V-GOOD-02,City Power Corp,Education,18999.65,2025-12-12T05:32:02.926444,Routine procurement
INV-6F701715,V-GOOD-03,Global Tech Solutions,Education,15377.44,2026-01-01T17:29:03.926444,Routine procurement
INV-D0C6DE20,V-GOOD-03,Global Tech Solutions,Education,34174.69,2025-07-27T03:51:02.926444,Routine procurement
INV-626ECE2A,V-GOOD-02,City Power Corp,Education,17506.41,2025-12-16T15:55:07.926444,Routine procurement
INV-B06D0020,V-GOOD-02,City Power Corp,Infrastructure,27474.55,2025-11-28T20:18:39.926444,Routine procurement
INV-BDDA8A02,V-GOOD-01,Standard Supplies Inc,Transport,9067.41,2025-12-14T23:50:13.926444,Routine procurement
INV-3E633B25,V-GOOD-01,Standard Supplies Inc,Healthcare,21399.77,2025-09-25T16:31:23.926444,Routine procurement
INV-C889CA49,V-GOOD-02,City Power Corp,Education,37694.28,2025-07-25T07:59:53.926444,Routine procurement
INV-6B71E27E,V-GOOD-03,Global Tech Solutions,Defense,34181.61,2025-09-04T21:43:48.926444,Routine procurement
INV-845C149B,V-GOOD-03,Global Tech Solutions,Education,13215.17,2025-07-22T01:16:34.926444,Routine procurement
INV-BE7E7D2B,V-GOOD-03,Global Tech Solutions,Education,40311.67,2025-10-17T00:18:26.926444,Routine procurement
INV-ECF5BCF9,V-GOOD-02,City Power Corp,Healthcare,24503.04,2025-12-20T14:25:22.926444,Routine procurement
INV-22F68A62,V-GOOD-02,City Power Corp,Education,36599.88,2025-09-15T00:17:14.926444,Routine procurement
INV-ADDDC4F8,V-GOOD-02,City Power Corp,Healthcare,29423.64,2025-07-25T07:07:52.926444,Routine procurement
INV-3548E239,V-GOOD-03,Global Tech Solutions,Education,14840.46,2025-09-29T14:51:13.926444,Routine procurement
INV-EA7290BD,V-GOOD-01,Standard Supplies Inc,Education,39056.66,2025-09-15T17:26:47.926444,Routine procurement
INV-7B1103F5,V-GOOD-02,City Power Corp,Defense,16996.51,2025-09-03T06:31:07.926444,Routine procurement
INV-7D20073A,V-GOOD-01,Standard Supplies Inc,Defense,48790.98,2025-08-11T03:37:00.926444,Routine procurement
INV-D2083648,V-GOOD-01,Standard Supplies Inc,Healthcare,48122.01,2025-12-18T15:33:47.926444,Routine procurement
INV-9C5F41C7,V-GOOD-03,Global Tech Solutions,Transport,17912.7,2025-10-06T12:28:08.926444,Routine procurement
INV-013A80CF,V-GOOD-03,Global Tech Solutions,Transport,31715.55,2025-10-28T21:29:22.926444,Routine procurement
INV-E2E38A52,V-GOOD-01,Standard Supplies Inc,Healthcare,28472.49,2025-07-16T11:13:50.926444,Routine procurement
INV-5C385BDF,V-GOOD-02,City Power Corp,Transport,39164.91,2025-11-05T13:34:52.926444,Routine procurement
INV-4CDE3554,V-GOOD-02,City Power Corp,Defense,21766.84,2025-12-03T02:11:34.926444,Routine procurement
INV-DBA9F72C,V-GOOD-03,Global Tech Solutions,Defense,17747.1,2025-08-28T09:01:53.926444,Routine procurement
INV-FAACE3A9,V-GOOD-03,Global Tech Solutions,Healthcare,34489.96,2025-09-29T07:04:56.926444,Routine procurement
INV-81F2E5C2,V-GOOD-01,Standard Supplies Inc,Education,10013.65,2025-12-06T03:40:06.926444,Routine procurement
INV-D53D25D1,V-GOOD-01,Standard Supplies Inc,Infrastructure,41780.68,2025-10-31T04:42:49.926444,Routine procurement
INV-FF2B83B4,V-GOOD-03,Global Tech Solutions,Education,29758.74,2025-07-28T12:57:01.926444,Routine procurement
INV-10DE1CE5,V-GOOD-01,Standard Supplies Inc,Healthcare,23678.48,2025-11-22T14:55:35.926444,Routine procurement
INV-F3502260,V-GOOD-01,Standard Supplies Inc,Transport,6483.3,2025-08-22T05:24:26.926444,Routine procurement
INV-3C532243,V-GOOD-03,Global Tech Solutions,Education,21019.88,2025-08-11T01:47:01.926444,Routine procurement
INV-FF1307A7,V-GOOD-03,Global Tech Solutions,Defense,25664.99,2025-07-27T14:55:14.926444,Routine procurement
INV-274B72F6,V-GOOD-02,City Power Corp,Education,32540.68,2025-11-09T03:11:49.926444,Routine procurement
INV-9A280944,V-GOOD-02,City Power Corp,Defense,34505.84,2025-11-17T00:35:38.926444,Routine procurement
INV-8658C027,V-GOOD-01,Standard Supplies Inc,Transport,18685.66,2025-10-25T16:32:44.926444,Routine procurement
INV-D31ECE0F,V-GOOD-01,Standard Supplies Inc,Transport,13920.13,2025-09-01T09:38:09.926444,Routine procurement
INV-750CFD2B,V-GOOD-01,Standard Supplies Inc,Transport,16078.47,2025-07-25T01:13:45.926444,Routine procurement
INV-033E33EC,V-GOOD-01,Standard Supplies Inc,Defense,12505.35,2025-12-20T19:23:23.926444,Routine procurement
INV-3AFD293A,V-GOOD-03,Global Tech Solutions,Infrastructure,7228.83,2025-09-26T14:23:47.926444,Routine procurement
INV-6F9DDBFC,V-GOOD-03,Global Tech Solutions,Defense,22500.99,2025-07-27T19:19:48.926444,Routine procurement
INV-FFDC6586,V-GOOD-01,Standard Supplies Inc,Education,45599.36,2025-07-15T06:11:16.926444,Routine procurement
INV-F6C75DA6,V-GOOD-02,City Power Corp,Healthcare,35324.25,2025-12-27T20:20:48.926444,Routine procurement
INV-7594C176,V-GOOD-01,Standard Supplies Inc,Education,27503.47,2025-08-23T02:19:06.926444,Routine procurement
INV-3AC23030,V-GOOD-03,Global Tech Solutions,Infrastructure,27321.48,2026-01-08T02:34:55.926444,Routine procurement
INV-13FA41B5,V-GOOD-03,Global Tech Solutions,Defense,11867.96,2025-11-14T06:31:27.926444,Routine procurement
INV-19B4C477,V-GOOD-02,City Power Corp,Education,10338.51,2025-11-15T01:43:15.926444,Routine procurement
INV-71C699B3,V-GOOD-03,Global Tech Solutions,Education,35165.65,2025-11-28T20:29:09.926444,Routine procurement
INV-3EBE13E1,V-GOOD-02,City Power Corp,Education,28807.55,2026-01-09T21:16:00.926444,Routine procurement
INV-9E7BE188,V-GOOD-01,Standard Supplies Inc,Defense,44668.47,2025-12-05T12:35:25.926444,Routine procurement
INV-351EB84F,V-GOOD-03,Global Tech Solutions,Healthcare,23051.34,2025-08-06T07:11:41.926444,Routine procurement
INV-717BD1E5,V-GOOD-01,Standard Supplies Inc,Defense,34847.32,2025-12-07T14:06:49.926444,Routine procurement
INV-4DEAB556,V-GOOD-03,Global Tech Solutions,Defense,17029.18,2025-08-24T05:40:14.926444,Routine procurement
INV-2D288C3A,V-GOOD-01,Standard Supplies Inc,Transport,44794.02,2025-11-14T23:18:50.926444,Routine procurement
INV-CB39A071,V-GOOD-02,City Power Corp,Transport,27410.13,2025-09-24T18:02:53.926444,Routine procurement
INV-E55C7606,V-GOOD-02,City Power Corp,Transport,45510.63,2025-10-12T07:52:23.926444,Routine procurement
INV-AC29A706,V-GOOD-01,Standard Supplies Inc,Transport,1858.16,2025-09-30T08:42:37.926444,Routine procurement
INV-7BD2EC17,V-GOOD-03,Global Tech Solutions,Infrastructure,42953.68,2025-09-18T19:24:54.926444,Routine procurement
INV-6F44C043,V-GOOD-03,Global Tech Solutions,Defense,49486.77,2025-07-15T19:02:32.926444,Routine procurement
INV-30B99E54,V-GOOD-01,Standard Supplies Inc,Transport,14748.06,2025-09-04T07:13:01.926444,Routine procurement
INV-01E4C5C9,V-GOOD-02,City Power Corp,Healthcare,8521.94,2025-11-26T22:24:22.926444,Routine procurement
INV-DD37E0FF,V-GOOD-02,City Power Corp,Defense,20891.84,2025-12-16T13:35:42.926444,Routine procurement
INV-6B689D1C,V-GOOD-01,Standard Supplies Inc,Infrastructure,30995.87,2025-08-28T14:50:55.926444,Routine procurement
INV-2347798E,V-GOOD-02,City Power Corp,Infrastructure,15863.99,2025-07-14T21:39:19.926444,Routine procurement
INV-046FF9BE,V-GOOD-01,Standard Supplies Inc,Education,42859.78,2025-10-05T21:32:01.926444,Routine procurement
INV-74791122,V-GOOD-01,Standard Supplies Inc,Healthcare,18256.6,2025-12-17T13:15:22.926444,Routine procurement
INV-92BAAFB0,V-GOOD-01,Standard Supplies Inc,Healthcare,24481.49,2026-01-04T03:37:59.926444,Routine procurement
INV-946F7059,V-GOOD-03,Global Tech Solutions,Education,24986.87,2025-09-23T14:34:59.926444,Routine procurement
INV-EE88A6EB,V-GOOD-02,City Power Corp,Transport,47293.72,2025-10-01T03:26:54.926444,Routine procurement
INV-15A7BE5C,V-GOOD-01,Standard Supplies Inc,Defense,8685.76,2025-11-23T16:18:45.926444,Routine procurement
INV-4212816A,V-GOOD-01,Standard Supplies Inc,Transport,35071.97,2026-01-04T16:46:25.926444,Routine procurement
INV-D62DC0D0,V-GOOD-01,Standard Supplies Inc,Healthcare,39034.35,2025-12-06T13:18:09.926444,Routine procurement
INV-4EC22EFD,V-GOOD-01,Standard Supplies Inc,Education,11744.37,2025-12-12T23:34:04.926444,Routine procurement
INV-D0867310,V-GOOD-01,Standard Supplies Inc,Education,30086.63,2025-12-13T01:24:41.926444,Routine procurement
INV-F83C2497,V-GOOD-03,Global Tech Solutions,Education,37623.07,2026-01-06T12:09:12.926444,Routine procurement
INV-6DF62CD9,V-GOOD-01,Standard Supplies Inc,Transport,33226.42,2025-11-28T17:33:48.926444,Routine procurement
INV-2D8DCDEC,V-GOOD-03,Global Tech Solutions,Healthcare,35865.96,2025-10-02T15:28:36.926444,Routine procurement
INV-9A07D3DE,V-GOOD-02,City Power Corp,Education,14319.74,2025-07-19T19:18:59.926444,Routine procurement
INV-468F42A9,V-GOOD-01,Standard Supplies Inc,Education,37435.24,2025-12-13T08:42:03.926444,Routine procurement
INV-1849518B,V-GOOD-02,City Power Corp,Defense,29494.64,2025-08-06T10:33:05.926444,Routine procurement
INV-2A17B646,V-GOOD-03,Global Tech Solutions,Infrastructure,6511.68,2025-07-30T23:51:49.926444,Routine procurement
INV-680AD43B,V-GOOD-02,City Power Corp,Infrastructure,32881.2,2025-09-01T16:36:05.926444,Routine procurement
INV-1070A928,V-GOOD-03,Global Tech Solutions,Infrastructure,30400.5,2025-12-07T01:08:50.926444,Routine procurement
INV-CA76235C,V-GOOD-02,City Power Corp,Education,43287.03,2025-09-28T22:44:12.926444,Routine procurement
INV-E2AD987A,V-GOOD-03,Global Tech Solutions,Healthcare,46576.37,2025-12-26T20:57:16.926444,Routine procurement
INV-587E1415,V-GOOD-03,Global Tech Solutions,Healthcare,13465.76,2026-01-08T11:52:09.926444,Routine procurement
INV-1D782D8A,V-GOOD-01,Standard Supplies Inc,Defense,28615.27,2025-11-11T12:38:46.926444,Routine procurement
INV-4D1AD9F2,V-GOOD-02,City Power Corp,Education,33091.56,2025-09-11T19:02:07.926444,Routine procurement
INV-F30A5F47,V-GOOD-02,City Power Corp,Healthcare,550.31,2025-07-28T02:42:33.926444,Routine procurement
INV-039EBB4E,V-GOOD-01,Standard Supplies Inc,Education,44474.57,2025-08-22T23:35:01.926444,Routine procurement
INV-C812E02C,V-GOOD-02,City Power Corp,Transport,17486.97,2025-07-26T21:58:49.926444,Routine procurement
INV-FC956C6C,V-GOOD-03,Global Tech Solutions,Education,43892.87,2025-10-15T22:21:15.926444,Routine procurement
INV-5A6BB50F,V-GOOD-03,Global Tech Solutions,Healthcare,44367.31,2025-12-03T06:30:19.926444,Routine procurement
INV-27A7B28D,V-GOOD-02,City Power Corp,Healthcare,45582.87,2026-01-06T01:51:08.926444,Routine procurement
INV-FDBA3E91,V-GOOD-01,Standard Supplies Inc,Healthcare,2153.07,2025-10-13T10:03:08.926444,Routine procurement
INV-8EF17FF6,V-GOOD-01,Standard Supplies Inc,Healthcare,17402.76,2026-01-03T21:54:55.926444,Routine procurement
INV-5C0F67D4,V-GOOD-01,Standard Supplies Inc,Infrastructure,5972.03,2025-08-27T07:57:52.926444,Routine procurement
INV-415D0DD5,V-GOOD-01,Standard Supplies Inc,Infrastructure,3079.64,2025-09-06T21:35:54.926444,Routine procurement
INV-48DCD191,V-GOOD-03,Global Tech Solutions,Healthcare,2626.1,2025-08-20T09:51:01.926444,Routine procurement
INV-E20E0DC6,V-GOOD-03,Global Tech Solutions,Defense,7221.09,2025-12-15T13:02:15.926444,Routine procurement
INV-C5083600,V-GOOD-01,Standard Supplies Inc,Transport,14325.67,2025-12-04T03:58:56.926444,Routine procurement
INV-48178ACA,V-GOOD-02,City Power Corp,Defense,3638.13,2025-07-24T01:00:21.926444,Routine procurement
INV-1E54811B,V-GOOD-01,Standard Supplies Inc,Healthcare,35801.96,2025-07-17T01:12:25.926444,Routine procurement
INV-C4533B1F,V-GOOD-02,City Power Corp,Infrastructure,27031.3,2025-11-18T11:26:57.926444,Routine procurement
INV-B94C6F94,V-GOOD-03,Global Tech Solutions,Healthcare,30116.68,2025-10-17T08:18:03.926444,Routine procurement
INV-FDD4676A,V-GOOD-03,Global Tech Solutions,Infrastructure,41253.24,2026-01-06T14:55:13.926444,Routine procurement
INV-3A9A6337,V-GOOD-02,City Power Corp,Transport,17235.11,2025-11-08T22:37:26.926444,Routine procurement
INV-F9928319,V-GOOD-02,City Power Corp,Education,1291.55,2025-11-08T10:06:01.926444,Routine procurement
INV-C3408EFE,V-GOOD-01,Standard Supplies Inc,Defense,31366.79,2025-11-22T23:00:31.926444,Routine procurement
INV-23BF1296,V-GOOD-01,Standard Supplies Inc,Education,33644.77,2025-12-23T02:35:12.926444,Routine procurement
INV-F4CBB38D,V-GOOD-01,Standard Supplies Inc,Education,47205.12,2025-11-21T17:45:38.926444,Routine procurement
INV-8CC4D6F2,V-GOOD-02,City Power Corp,Defense,21446.36,2025-10-03T17:11:13.926444,Routine procurement
INV-E81868F2,V-GOOD-01,Standard Supplies Inc,Healthcare,14297.1,2026-01-09T02:56:33.926444,Routine procurement
INV-793D08BD,V-GOOD-01,Standard Supplies Inc,Transport,25220.36,2025-08-23T15:44:01.926444,Routine procurement
INV-874742D4,V-GOOD-03,Global Tech Solutions,Infrastructure,13383.02,2025-10-06T05:57:38.926444,Routine procurement
INV-E0AF26E4,V-GOOD-02,City Power Corp,Education,17405.95,2025-11-26T22:15:21.926444,Routine procurement
INV-B12F5910,V-GOOD-02,City Power Corp,Transport,16793.82,2025-10-12T03:20:41.926444,Routine procurement
INV-7E496BC1,V-GOOD-03,Global Tech Solutions,Healthcare,2912.02,2026-01-07T14:26:48.926444,Routine procurement
INV-31510C94,V-GOOD-03,Global Tech Solutions,Healthcare,5262.98,2025-08-24T13:29:35.926444,Routine procurement
INV-3E204205,V-GOOD-02,City Power Corp,Defense,17525.4,2025-12-02T10:21:02.926444,Routine procurement
INV-B960B0D6,V-GOOD-01,Standard Supplies Inc,Defense,2143.38,2025-08-17T14:18:31.926444,Routine procurement
INV-24BF7633,V-GOOD-01,Standard Supplies Inc,Healthcare,42686.44,2025-11-29T21:00:05.926444,Routine procurement
INV-49762FCC,V-GOOD-03,Global Tech Solutions,Healthcare,23413.09,2025-07-31T12:50:59.926444,Routine procurement
INV-780CDDBF,V-GOOD-01,Standard Supplies Inc,Healthcare,9611.56,2025-07-30T01:11:43.926444,Routine procurement
INV-0A16F8E9,V-GOOD-01,Standard Supplies Inc,Infrastructure,39321.41,2025-07-20T18:57:19.926444,Routine procurement
INV-5AA3E388,V-GOOD-01,Standard Supplies Inc,Education,6011.37,2025-08-17T07:55:21.926444,Routine procurement
INV-FE81C155,V-GOOD-02,City Power Corp,Transport,7443.33,2025-08-23T14:31:33.926444,Routine procurement
INV-5EE18D2F,V-GOOD-02,City Power Corp,Education,46527.31,2025-12-10T21:52:23.926444,Routine procurement
INV-9182BA16,V-GOOD-02,City Power Corp,Healthcare,37418.02,2026-01-01T17:24:47.926444,Routine procurement
INV-775C61E0,V-GOOD-03,Global Tech Solutions,Defense,38312.8,2025-12-11T05:54:18.926444,Routine procurement
INV-45C7CB89,V-GOOD-01,Standard Supplies Inc,Defense,48809.54,2025-10-12T07:01:34.926444,Routine procurement
INV-055F214A,V-GOOD-01,Standard Supplies Inc,Infrastructure,3190.2,2025-08-10T03:11:12.926444,Routine procurement
INV-24F5C3DB,V-GOOD-03,Global Tech Solutions,Healthcare,8141.52,2025-09-13T01:41:19.926444,Routine procurement
INV-81786B6A,V-GOOD-03,Global Tech Solutions,Defense,20952.22,2025-12-20T09:15:25.926444,Routine procurement
INV-22164A12,V-GOOD-02,City Power Corp,Education,26126.84,2025-11-21T15:19:55.926444,Routine procurement
INV-D9A21917,V-GOOD-03,Global Tech Solutions,Education,13087.27,2025-09-06T19:43:30.926444,Routine procurement
INV-FB6A8B6A,V-GOOD-03,Global Tech Solutions,Defense,40204.12,2025-08-20T15:49:49.926444,Routine procurement
INV-2B85FBEF,V-GOOD-01,Standard Supplies Inc,Defense,45003.71,2025-08-09T21:36:12.926444,Routine procurement
INV-2FCB05FC,V-GOOD-02,City Power Corp,Education,39574.79,2025-12-23T05:42:05.926444,Routine procurement
INV-FD8B321B,V-GOOD-01,Standard Supplies Inc,Healthcare,39938.27,2025-10-03T20:12:25.926444,Routine procurement
INV-608D24FD,V-GOOD-02,City Power Corp,Infrastructure,19758.5,2026-01-01T04:42:37.926444,Routine procurement
INV-E6D4405D,V-GOOD-02,City Power Corp,Transport,26446.46,2025-08-28T09:01:38.926444,Routine procurement
INV-6C27CA94,V-GOOD-01,Standard Supplies Inc,Infrastructure,46022.21,2025-10-09T02:48:20.926444,Routine procurement
INV-5BE3D173,V-GOOD-01,Standard Supplies Inc,Education,42130.08,2025-10-09T01:49:01.926444,Routine procurement
INV-85817CBB,V-GOOD-02,City Power Corp,Defense,36013.57,2025-12-21T05:30:22.926444,Routine procurement
INV-EDC94D34,V-GOOD-01,Standard Supplies Inc,Education,7557.68,2025-07-29T09:45:35.926444,Routine procurement
INV-BAD71491,V-GOOD-01,Standard Supplies Inc,Healthcare,9878.42,2025-11-08T13:16:00.926444,Routine procurement
INV-2E3E9405,V-GOOD-03,Global Tech Solutions,Transport,37098.27,2025-12-12T06:54:41.926444,Routine procurement
INV-83E2AE82,V-GOOD-01,Standard Supplies Inc,Defense,40071.88,2025-08-12T21:57:10.926444,Routine procurement
INV-256C1E80,V-GOOD-03,Global Tech Solutions,Transport,12283.24,2025-08-23T20:20:41.926444,Routine procurement
INV-7B5BEE81,V-GOOD-01,Standard Supplies Inc,Education,25894.71,2025-09-22T13:29:17.926444,Routine procurement
INV-A8EBD3F3,V-GOOD-02,City Power Corp,Infrastructure,42753.55,2025-12-24T05:29:39.926444,Routine procurement
INV-56B5ED8A,V-GOOD-02,City Power Corp,Transport,47082.93,2025-10-22T04:41:54.926444,Routine procurement
INV-24213FBD,V-GOOD-02,City Power Corp,Healthcare,23810.51,2025-10-07T18:55:37.926444,Routine procurement
INV-FCBAB44B,V-GOOD-02,City Power Corp,Defense,39721.13,2025-11-18T00:14:26.926444,Routine procurement
INV-9CC73F71,V-GOOD-02,City Power Corp,Education,19820.83,2025-12-12T03:12:53.926444,Routine procurement
INV-447D09C5,V-GOOD-03,Global Tech Solutions,Defense,10727.02,2025-12-18T17:09:07.926444,Routine procurement
INV-5B8BA227,V-GOOD-02,City Power Corp,Education,25286.52,2025-10-01T08:34:41.926444,Routine procurement
INV-E1A9DF8A,V-GOOD-01,Standard Supplies Inc,Transport,43691.89,2025-09-01T23:28:52.926444,Routine procurement
INV-0877D007,V-GOOD-02,City Power Corp,Defense,21725.24,2025-11-07T04:04:18.926444,Routine procurement
INV-471A2AEF,V-GOOD-02,City Power Corp,Healthcare,33368.98,2025-10-21T09:22:57.926444,Routine procurement
INV-3A0D8CD9,V-GOOD-02,City Power Corp,Healthcare,28686.95,2025-11-13T01:39:07.926444,Routine procurement
INV-FBF40D29,V-GOOD-03,Global Tech Solutions,Healthcare,10501.64,2025-11-14T14:46:41.926444,Routine procurement
INV-74180E06,V-GOOD-02,City Power Corp,Defense,20080.2,2025-10-28T20:50:53.926444,Routine procurement
INV-91DB9AAA,V-GOOD-03,Global Tech Solutions,Infrastructure,24000.6,2026-01-09T08:18:26.926444,Routine procurement
INV-1ED6B581,V-GOOD-03,Global Tech Solutions,Infrastructure,3146.03,2025-09-02T06:05:28.926444,Routine procurement
INV-58EBA089,V-GOOD-03,Global Tech Solutions,Transport,18776.34,2025-07-22T16:44:22.926444,Routine procurement
INV-B05FBB74,V-GOOD-02,City Power Corp,Infrastructure,31435.11,2025-08-29T01:06:42.926444,Routine procurement
INV-EA01440B,V-GOOD-03,Global Tech Solutions,Education,9151.03,2025-08-24T10:32:05.926444,Routine procurement
INV-9A476FDD,V-GOOD-01,Standard Supplies Inc,Defense,18473.23,2025-11-17T17:05:35.926444,Routine procurement
INV-A3CEF68D,V-GOOD-03,Global Tech Solutions,Transport,13094.82,2025-12-03T02:57:32.926444,Routine procurement
INV-F8A286E1,V-GOOD-01,Standard Supplies Inc,Infrastructure,33247.43,2025-11-05T07:29:03.926444,Routine procurement
INV-CBF470CE,V-GOOD-03,Global Tech Solutions,Healthcare,32386.23,2025-08-20T07:22:29.926444,Routine procurement
INV-926416E3,V-GOOD-01,Standard Supplies Inc,Healthcare,39634.19,2026-01-04T14:15:04.926444,Routine procurement
INV-6486471B,V-GOOD-02,City Power Corp,Healthcare,29255.11,2025-07-20T19:58:17.926444,Routine procurement
INV-05696D49,V-GOOD-02,City Power Corp,Education,23961.43,2025-10-11T15:59:48.926444,Routine procurement
INV-659996A1,V-GOOD-01,Standard Supplies Inc,Transport,37762.06,2025-09-29T21:46:44.926444,Routine procurement
INV-0F1BCDBC,V-GOOD-01,Standard Supplies Inc,Healthcare,6560.21,2025-10-15T15:43:27.926444,Routine procurement
INV-548A7AF3,V-GOOD-03,Global Tech Solutions,Transport,32403.47,2025-12-27T23:11:22.926444,Routine procurement
INV-65879CA8,V-GOOD-01,Standard Supplies Inc,Defense,39979.92,2026-01-01T01:37:41.926444,Routine procurement
INV-BEE1C781,V-GOOD-02,City Power Corp,Infrastructure,13899.2,2025-07-22T20:05:03.926444,Routine procurement
INV-D304EF50,V-GOOD-03,Global Tech Solutions,Education,43898.59,2025-07-19T14:20:55.926444,Routine procurement
INV-5FDC415E,V-GOOD-01,Standard Supplies Inc,Healthcare,28282.87,2025-08-31T21:26:07.926444,Routine procurement
INV-9287B7BD,V-GOOD-01,Standard Supplies Inc,Transport,2226.95,2025-07-23T19:05:14.926444,Routine procurement
INV-26ED64E0,V-GOOD-03,Global Tech Solutions,Transport,49905.0,2025-09-22T22:35:46.926444,Routine procurement
INV-7FAE6272,V-GOOD-01,Standard Supplies Inc,Defense,35040.25,2025-08-16T07:24:24.926444,Routine procurement
INV-3935A02F,V-GOOD-03,Global Tech Solutions,Education,35332.39,2025-10-17T16:12:52.926444,Routine procurement
INV-3E777DD2,V-GOOD-02,City Power Corp,Healthcare,17081.25,2025-08-24T13:48:46.926444,Routine procurement
INV-38F22795,V-GOOD-01,Standard Supplies Inc,Education,16326.38,2025-12-07T06:03:38.926444,Routine procurement
INV-D7885654,V-GOOD-03,Global Tech Solutions,Education,37288.55,2025-10-23T23:37:23.926444,Routine procurement
INV-BEFD39E4,V-GOOD-01,Standard Supplies Inc,Transport,30345.09,2025-12-12T18:40:01.926444,Routine procurement
INV-38121401,V-GOOD-01,Standard Supplies Inc,Defense,27269.48,2025-12-31T00:31:04.926444,Routine procurement
INV-BF1065BF,V-GOOD-03,Global Tech Solutions,Transport,47999.18,2025-10-15T14:13:28.926444,Routine procurement
INV-979982D7,V-GOOD-01,Standard Supplies Inc,Education,43560.93,2025-12-13T12:49:12.926444,Routine procurement
INV-FB0BB664,V-GOOD-02,City Power Corp,Healthcare,45575.91,2025-12-06T01:39:52.926444,Routine procurement
INV-D4DC432C,V-GOOD-03,Global Tech Solutions,Transport,10843.17,2026-01-09T22:21:36.926444,Routine procurement
INV-F3B1EFFF,V-GOOD-03,Global Tech Solutions,Transport,7075.93,2025-08-12T13:13:05.926444,Routine procurement
INV-C5BCA8E9,V-GOOD-03,Global Tech Solutions,Infrastructure,15106.23,2025-12-04T16:30:45.926444,Routine procurement
INV-22800AA8,V-GOOD-03,Global Tech Solutions,Transport,10671.76,2025-12-18T12:09:45.926444,Routine procurement
INV-B9E5D608,V-GOOD-03,Global Tech Solutions,Transport,3916.52,2025-10-08T03:04:21.926444,Routine procurement
INV-B73F7836,V-GOOD-03,Global Tech Solutions,Healthcare,26764.43,2025-08-07T10:19:36.926444,Routine procurement
INV-4BB7A589,V-GOOD-03,Global Tech Solutions,Defense,9588.24,2025-09-22T06:47:25.926444,Routine procurement
INV-D8CC1A86,V-GOOD-01,Standard Supplies Inc,Healthcare,19795.7,2025-08-16T05:32:06.926444,Routine procurement
INV-1ACC1509,V-GOOD-03,Global Tech Solutions,Education,13256.29,2025-07-27T15:56:24.926444,Routine procurement
INV-CA1C048E,V-GOOD-01,Standard Supplies Inc,Healthcare,2871.55,2025-08-26T05:06:23.926444,Routine procurement
INV-B059314F,V-GOOD-02,City Power Corp,Education,13146.18,2025-11-23T15:08:20.926444,Routine procurement
INV-3EC68342,V-GOOD-03,Global Tech Solutions,Healthcare,40563.22,2025-09-24T02:53:15.926444,Routine procurement
INV-D37052E5,V-GOOD-03,Global Tech Solutions,Transport,48787.66,2025-12-29T18:49:22.926444,Routine procurement
INV-4FED14AF,V-GOOD-03,Global Tech Solutions,Transport,43133.28,2025-12-02T23:37:56.926444,Routine procurement
INV-F72A533E,V-GOOD-01,Standard Supplies Inc,Defense,28264.28,2025-11-30T06:54:31.926444,Routine procurement
INV-8E3C4E8E,V-GOOD-02,City Power Corp,Healthcare,44711.29,2025-12-27T19:19:44.926444,Routine procurement
INV-5BC301F1,V-GOOD-03,Global Tech Solutions,Defense,29228.58,2025-10-31T09:41:26.926444,Routine procurement
INV-0B1667B0,V-GOOD-03,Global Tech Solutions,Defense,36939.23,2025-09-23T21:41:52.926444,Routine procurement
INV-8B5CEF18,V-GOOD-01,Standard Supplies Inc,Healthcare,35229.91,2025-12-13T09:47:50.926444,Routine procurement
INV-DC91C001,V-GOOD-01,Standard Supplies Inc,Infrastructure,16505.76,2025-11-30T18:10:56.926444,Routine procurement
INV-E37DCDE9,V-GOOD-03,Global Tech Solutions,Education,43121.37,2025-10-03T17:09:41.926444,Routine procurement
INV-8F91DACA,V-GOOD-02,City Power Corp,Infrastructure,18886.16,2025-11-19T01:13:38.926444,Routine procurement
INV-E70B06A2,V-GOOD-02,City Power Corp,Infrastructure,32513.99,2025-10-26T17:17:02.926444,Routine procurement
INV-15C41E0B,V-GOOD-01,Standard Supplies Inc,Transport,12768.55,2025-10-16T14:14:25.926444,Routine procurement
INV-CC9E6048,V-GOOD-02,City Power Corp,Transport,1410.37,2025-11-08T18:44:48.926444,Routine procurement
INV-96027353,V-GOOD-03,Global Tech Solutions,Transport,13823.99,2025-12-10T07:46:37.926444,Routine procurement
INV-0EDD68A4,V-GOOD-02,City Power Corp,Infrastructure,48756.48,2026-01-09T20:46:39.926444,Routine procurement
INV-4C9C821A,V-GOOD-03,Global Tech Solutions,Healthcare,31297.65,2025-08-26T22:07:35.926444,Routine procurement
INV-0D8BCFE1,V-GOOD-02,City Power Corp,Infrastructure,45822.43,2025-12-09T15:05:04.926444,Routine procurement
INV-5E6F7B12,V-GOOD-02,City Power Corp,Defense,624.55,2025-09-20T13:23:25.926444,Routine procurement
INV-56B2BC99,V-GOOD-03,Global Tech Solutions,Healthcare,48867.67,2025-10-08T11:05:07.926444,Routine procurement
INV-B83C7358,V-GOOD-01,Standard Supplies Inc,Transport,33118.81,2025-12-30T21:07:35.926444,Routine procurement
INV-7C764CAE,V-GOOD-02,City Power Corp,Healthcare,17467.97,2025-08-17T04:56:16.926444,Routine procurement
INV-CB587D9F,V-GOOD-02,City Power Corp,Education,28580.57,2025-09-01T09:17:10.926444,Routine procurement
INV-9DF1ED6D,V-GOOD-01,Standard Supplies Inc,Infrastructure,41440.65,2025-11-26T09:41:57.926444,Routine procurement
INV-699F7D21,V-GOOD-02,City Power Corp,Education,18033.85,2025-11-29T00:57:34.926444,Routine procurement
INV-C67BD5E7,V-GOOD-01,Standard Supplies Inc,Healthcare,3458.89,2025-11-05T22:03:51.926444,Routine procurement
INV-18EABBB6,V-GOOD-03,Global Tech Solutions,Education,19560.48,2025-08-22T16:32:47.926444,Routine procurement
INV-0F20AEC7,V-GOOD-03,Global Tech Solutions,Infrastructure,38497.25,2025-11-30T21:21:50.926444,Routine procurement
INV-82F693A1,V-GOOD-02,City Power Corp,Infrastructure,1431.12,2025-10-22T09:19:13.926444,Routine procurement
INV-A707F38A,V-GOOD-03,Global Tech Solutions,Education,11561.58,2025-10-12T00:42:24.926444,Routine procurement
INV-44E6572B,V-GOOD-03,Global Tech Solutions,Infrastructure,27472.8,2025-12-13T00:33:01.926444,Routine procurement
INV-CC6A65F2,V-GOOD-03,Global Tech Solutions,Transport,16662.55,2025-12-21T06:13:29.926444,Routine procurement
INV-8FBF5ABD,V-GOOD-03,Global Tech Solutions,Transport,11630.25,2025-08-07T08:05:29.926444,Routine procurement
INV-43A18EEF,V-GOOD-03,Global Tech Solutions,Infrastructure,45917.07,2025-12-08T14:55:46.926444,Routine procurement
INV-AD807A29,V-GOOD-01,Standard Supplies Inc,Transport,28393.05,2025-11-09T14:00:28.926444,Routine procurement
INV-FDF332B0,V-GOOD-02,City Power Corp,Infrastructure,32130.31,2025-08-23T05:43:13.926444,Routine procurement
INV-398C6B14,V-GOOD-02,City Power Corp,Transport,3139.21,2025-12-10T19:37:57.926444,Routine procurement
INV-C19CEF51,V-GOOD-01,Standard Supplies Inc,Infrastructure,47042.32,2025-08-04T14:52:17.926444,Routine procurement
INV-6942FB94,V-GOOD-03,Global Tech Solutions,Transport,36264.56,2025-08-21T23:04:49.926444,Routine procurement
INV-2EAA9964,V-GOOD-01,Standard Supplies Inc,Infrastructure,34847.17,2025-11-02T06:22:19.926444,Routine procurement
INV-8F944C1E,V-GOOD-03,Global Tech Solutions,Infrastructure,1336.04,2025-08-14T19:19:01.926444,Routine procurement
INV-663B6669,V-GOOD-03,Global Tech Solutions,Transport,19189.86,2025-09-23T20:28:22.926444,Routine procurement
INV-17DCE685,V-GOOD-01,Standard Supplies Inc,Transport,42281.52,2025-11-28T10:42:04.926444,Routine procurement
INV-4B7FCA5C,V-GOOD-01,Standard Supplies Inc,Education,27885.9,2025-09-18T04:48:01.926444,Routine procurement
INV-37D8D788,V-GOOD-02,City Power Corp,Education,33184.75,2025-07-27T12:58:50.926444,Routine procurement
INV-544D644D,V-GOOD-02,City Power Corp,Transport,27689.09,2025-11-29T01:40:14.926444,Routine procurement
INV-5E1539BA,V-GOOD-02,City Power Corp,Education,8581.1,2025-07-24T19:24:58.926444,Routine procurement
INV-B6C05A38,V-GOOD-01,Standard Supplies Inc,Healthcare,38058.73,2025-09-13T16:12:50.926444,Routine procurement
INV-C658E389,V-GOOD-01,Standard Supplies Inc,Defense,8886.9,2025-11-04T12:19:21.926444,Routine procurement
INV-2E7CC28C,V-GOOD-01,Standard Supplies Inc,Defense,35696.42,2025-11-19T00:05:36.926444,Routine procurement
INV-9DCEA652,V-GOOD-01,Standard Supplies Inc,Infrastructure,35634.5,2025-11-01T22:59:13.926444,Routine procurement
INV-050B4A30,V-GOOD-03,Global Tech Solutions,Healthcare,22449.24,2025-12-13T12:44:42.926444,Routine procurement
INV-5B4B15A3,V-GOOD-01,Standard Supplies Inc,Infrastructure,8444.55,2025-08-31T20:06:00.926444,Routine procurement
INV-DD29A31E,V-GOOD-02,City Power Corp,Defense,38211.11,2025-08-06T02:47:27.926444,Routine procurement
INV-AA7321FC,V-GOOD-03,Global Tech Solutions,Healthcare,15841.43,2025-09-14T01:24:46.926444,Routine procurement
INV-BB2894B8,V-GOOD-02,City Power Corp,Education,42704.89,2025-10-01T16:38:33.926444,Routine procurement
INV-D9738EDC,V-GOOD-02,City Power Corp,Defense,35765.2,2025-12-23T03:48:07.926444,Routine procurement
INV-3333EC54,V-GOOD-01,Standard Supplies Inc,Defense,4521.88,2025-08-11T16:55:18.926444,Routine procurement
INV-9F84A1BB,V-GOOD-03,Global Tech Solutions,Healthcare,6255.59,2025-10-25T14:56:34.926444,Routine procurement
INV-F211472F,V-GOOD-02,City Power Corp,Transport,17019.13,2025-07-21T07:45:45.926444,Routine procurement
INV-63816B36,V-GOOD-01,Standard Supplies Inc,Transport,22812.67,2025-09-14T21:04:37.926444,Routine procurement
INV-E7652B71,V-GOOD-02,City Power Corp,Education,48759.94,2025-09-30T16:20:39.926444,Routine procurement
INV-1EB0D042,V-GOOD-01,Standard Supplies Inc,Defense,17483.67,2025-10-29T13:40:33.926444,Routine procurement
INV-7E8327CA,V-GOOD-03,Global Tech Solutions,Defense,24963.37,2025-10-20T12:15:18.926444,Routine procurement
INV-979659B1,V-GOOD-02,City Power Corp,Infrastructure,42957.46,2025-07-17T12:53:33.926444,Routine procurement
INV-60A6303C,V-GOOD-03,Global Tech Solutions,Infrastructure,15087.59,2025-10-26T00:15:13.926444,Routine procurement
INV-4288838A,V-GOOD-01,Standard Supplies Inc,Defense,43822.16,2025-09-07T15:25:41.926444,Routine procurement
INV-6259A876,V-GOOD-03,Global Tech Solutions,Education,20738.91,2025-11-13T11:18:00.926444,Routine procurement
INV-ACBBAA72,V-GOOD-03,Global Tech Solutions,Transport,49622.74,2025-12-18T14:26:05.926444,Routine procurement
INV-7E875B9B,V-GOOD-02,City Power Corp,Transport,37186.37,2025-12-18T22:35:46.926444,Routine procurement
INV-441562F2,V-GOOD-01,Standard Supplies Inc,Healthcare,7276.59,2025-08-26T11:02:53.926444,Routine procurement
INV-9EA9B6FF,V-GOOD-03,Global Tech Solutions,Education,4853.74,2025-07-21T06:41:09.926444,Routine procurement
INV-8EE7CC7E,V-GOOD-01,Standard Supplies Inc,Defense,4901.38,2025-09-02T11:34:08.926444,Routine procurement
INV-2329E2EC,V-GOOD-02,City Power Corp,Defense,31919.17,2025-11-01T23:43:14.926444,Routine procurement
INV-8C4A587E,V-GOOD-03,Global Tech Solutions,Infrastructure,22615.44,2025-12-31T03:04:27.926444,Routine procurement
INV-F358A6DB,V-GOOD-02,City Power Corp,Transport,29509.19,2025-12-10T15:13:35.926444,Routine procurement
INV-793B4B21,V-GOOD-01,Standard Supplies Inc,Infrastructure,10278.53,2025-08-25T16:23:03.926444,Routine procurement
INV-A98DF034,V-GOOD-02,City Power Corp,Infrastructure,3277.23,2025-10-09T00:33:03.926444,Routine procurement
INV-71C67CDF,V-GOOD-03,Global Tech Solutions,Transport,47275.4,2025-08-19T07:03:23.926444,Routine procurement
INV-524A13AA,V-GOOD-03,Global Tech Solutions,Education,10266.1,2025-11-24T04:01:23.926444,Routine procurement
INV-A8579632,V-GOOD-02,City Power Corp,Transport,26465.95,2025-08-12T06:13:00.926444,Routine procurement
INV-C8101F4C,V-GOOD-01,Standard Supplies Inc,Infrastructure,23140.74,2025-11-16T16:23:19.926444,Routine procurement
INV-3097F331,V-GOOD-03,Global Tech Solutions,Infrastructure,8497.32,2025-09-07T15:16:32.926444,Routine procurement
INV-9D4329CF,V-GOOD-01,Standard Supplies Inc,Education,46523.92,2026-01-03T18:49:37.926444,Routine procurement
INV-F47DB91B,V-GOOD-03,Global Tech Solutions,Education,20990.59,2025-09-05T13:17:05.926444,Routine procurement
INV-4F50136D,V-GOOD-03,Global Tech Solutions,Infrastructure,35558.43,2025-08-05T11:39:23.926444,Routine procurement
INV-73E9BAF4,V-GOOD-03,Global Tech Solutions,Healthcare,35036.6,2025-10-09T13:58:36.926444,Routine procurement
INV-B5C08F8F,V-GOOD-02,City Power Corp,Education,23619.84,2025-10-15T00:00:51.926444,Routine procurement
INV-9E50CF63,V-GOOD-02,City Power Corp,Education,28482.5,2025-08-09T16:58:34.926444,Routine procurement
INV-CD908F96,V-GOOD-02,City Power Corp,Healthcare,24590.16,2025-12-21T22:05:40.926444,Routine procurement
INV-3A00EC29,V-GOOD-01,Standard Supplies Inc,Infrastructure,35500.41,2025-09-23T01:49:15.926444,Routine procurement
INV-F3D76830,V-GOOD-03,Global Tech Solutions,Infrastructure,47142.33,2025-07-23T23:46:09.926444,Routine procurement
INV-B86A0A2B,V-GOOD-01,Standard Supplies Inc,Education,24537.67,2025-12-02T03:47:08.926444,Routine procurement
INV-7CBDA741,V-GOOD-03,Global Tech Solutions,Infrastructure,25784.41,2026-01-02T21:58:16.926444,Routine procurement
INV-58A29652,V-GOOD-02,City Power Corp,Infrastructure,15555.1,2025-10-15T20:37:02.926444,Routine procurement
INV-0FE6AD21,V-GOOD-01,Standard Supplies Inc,Transport,41740.55,2025-09-25T10:56:36.926444,Routine procurement
INV-38C07535,V-GOOD-02,City Power Corp,Transport,43834.56,2025-10-05T06:23:43.926444,Routine procurement
INV-497BDCD4,V-GOOD-02,City Power Corp,Infrastructure,21124.96,2025-11-27T08:29:57.926444,Routine procurement
INV-58D6BEE7,V-GOOD-02,City Power Corp,Transport,35484.36,2026-01-05T22:18:08.926444,Routine procurement
INV-D17312B4,V-GOOD-02,City Power Corp,Healthcare,12219.05,2025-08-28T05:46:24.926444,Routine procurement
INV-2886CD2F,V-GOOD-01,Standard Supplies Inc,Infrastructure,47618.03,2025-07-27T13:50:41.926444,Routine procurement
INV-C0B33004,V-GOOD-02,City Power Corp,Healthcare,35058.87,2025-12-16T11:20:38.926444,Routine procurement
INV-86752AE9,V-GOOD-02,City Power Corp,Healthcare,16828.5,2025-08-03T05:31:23.926444,Routine procurement
INV-22B9A912,V-GOOD-02,City Power Corp,Transport,16863.48,2025-10-22T09:05:56.926444,Routine procurement
INV-06AEBB6D,V-GOOD-01,Standard Supplies Inc,Defense,19244.49,2025-09-18T13:07:48.926444,Routine procurement
INV-475E41A0,V-GOOD-01,Standard Supplies Inc,Healthcare,9769.31,2025-10-11T01:12:47.926444,Routine procurement
INV-3FAE5425,V-GOOD-03,Global Tech Solutions,Transport,14472.63,2025-12-22T12:47:20.926444,Routine procurement
INV-A161AA07,V-GOOD-03,Global Tech Solutions,Infrastructure,4648.21,2025-09-20T07:26:53.926444,Routine procurement
INV-FFD751E0,V-GOOD-01,Standard Supplies Inc,Infrastructure,39137.33,2026-01-09T05:49:23.926444,Routine procurement
INV-C0E81ED3,V-GOOD-02,City Power Corp,Infrastructure,8190.05,2026-01-04T11:39:34.926444,Routine procurement
INV-B28D939D,V-GOOD-02,City Power Corp,Healthcare,42816.94,2025-10-23T21:12:50.926444,Routine procurement
INV-5620A5E9,V-GOOD-01,Standard Supplies Inc,Transport,26970.52,2026-01-06T08:03:51.926444,Routine procurement
INV-771EB9F0,V-GOOD-01,Standard Supplies Inc,Healthcare,2414.87,2025-10-12T19:15:07.926444,Routine procurement
INV-2A2F7959,V-GOOD-01,Standard Supplies Inc,Education,46391.69,2025-08-21T15:01:17.926444,Routine procurement
INV-32E9DEFA,V-GOOD-03,Global Tech Solutions,Healthcare,27252.07,2026-01-07T08:12:58.926444,Routine procurement
INV-02CF1F11,V-GOOD-02,City Power Corp,Infrastructure,598.23,2025-08-08T13:39:16.926444,Routine procurement
INV-F51F4BAE,V-GOOD-02,City Power Corp,Healthcare,22299.2,2025-08-16T01:28:40.926444,Routine procurement
INV-5637ECE6,V-GOOD-01,Standard Supplies Inc,Education,4684.66,2025-08-21T01:07:12.926444,Routine procurement
INV-6E4165BF,V-GOOD-01,Standard Supplies Inc,Infrastructure,34777.85,2025-09-03T09:52:01.926444,Routine procurement
INV-AF853B23,V-GOOD-02,City Power Corp,Defense,34582.16,2025-11-09T07:21:51.926444,Routine procurement
INV-ED49AE15,V-GOOD-01,Standard Supplies Inc,Education,6694.37,2025-12-27T14:09:02.926444,Routine procurement
INV-11DDDAC0,V-GOOD-01,Standard Supplies Inc,Healthcare,43042.5,2025-12-19T02:46:59.926444,Routine procurement
INV-86F2DD88,V-GOOD-02,City Power Corp,Defense,47832.84,2025-09-20T10:57:27.926444,Routine procurement
INV-5F91337A,V-GOOD-01,Standard Supplies Inc,Defense,48090.41,2025-07-16T23:54:27.926444,Routine procurement
INV-4A1C0F26,V-GOOD-01,Standard Supplies Inc,Transport,12105.86,2025-09-03T07:39:13.926444,Routine procurement
INV-9A8F4AE4,V-GOOD-03,Global Tech Solutions,Healthcare,29198.17,2025-08-24T06:51:20.926444,Routine procurement
INV-2FA45774,V-GOOD-03,Global Tech Solutions,Infrastructure,29633.2,2025-11-01T12:07:03.926444,Routine procurement
INV-EC2E0250,V-GOOD-02,City Power Corp,Transport,25047.35,2025-09-05T09:15:01.926444,Routine procurement
INV-D7F7A161,V-GOOD-03,Global Tech Solutions,Transport,42207.16,2025-11-22T12:41:13.926444,Routine procurement
INV-6B545969,V-GOOD-03,Global Tech Solutions,Defense,14946.44,2025-10-21T14:31:07.926444,Routine procurement
INV-908F3CB6,V-GOOD-01,Standard Supplies Inc,Defense,19365.97,2025-11-10T21:09:16.926444,Routine procurement
INV-D924383F,V-GOOD-03,Global Tech Solutions,Healthcare,47001.39,2025-12-12T18:07:34.926444,Routine procurement
INV-C6DB57DE,V-GOOD-01,Standard Supplies Inc,Healthcare,49445.94,2025-11-21T04:39:23.926444,Routine procurement
INV-DC9EF5E1,V-GOOD-01,Standard Supplies Inc,Defense,43165.15,2025-09-05T17:03:33.926444,Routine procurement
INV-DB6E058D,V-GOOD-03,Global Tech Solutions,Infrastructure,14284.46,2025-08-13T06:07:44.926444,Routine procurement
INV-744FB527,V-GOOD-03,Global Tech Solutions,Education,25296.49,2025-09-01T06:45:36.926444,Routine procurement
INV-E6C1658C,V-GOOD-01,Standard Supplies Inc,Infrastructure,26428.35,2025-07-16T03:25:16.926444,Routine procurement
INV-CDE34396,V-GOOD-01,Standard Supplies Inc,Transport,10274.0,2025-12-28T04:59:03.926444,Routine procurement
INV-EFE61B49,V-GOOD-01,Standard Supplies Inc,Infrastructure,37497.71,2025-10-06T08:48:12.926444,Routine procurement
INV-87D12DB4,V-GOOD-01,Standard Supplies Inc,Defense,14005.01,2025-08-07T05:50:49.926444,Routine procurement
INV-DEBFBA9F,V-GOOD-03,Global Tech Solutions,Transport,14834.28,2025-08-05T11:34:19.926444,Routine procurement
INV-31A12C82,V-GOOD-01,Standard Supplies Inc,Education,32841.39,2025-08-29T15:05:48.926444,Routine procurement
INV-FEE07BA2,V-GOOD-02,City Power Corp,Education,42865.44,2025-11-03T11:37:06.926444,Routine procurement
INV-B893AA68,V-GOOD-03,Global Tech Solutions,Infrastructure,15308.41,2025-08-28T12:36:31.926444,Routine procurement
INV-E034A408,V-GOOD-02,City Power Corp,Transport,1838.3,2025-08-01T15:32:37.926444,Routine procurement
INV-F8F8E8B3,V-GOOD-01,Standard Supplies Inc,Infrastructure,15983.16,2025-12-29T12:30:34.926444,Routine procurement
INV-D9286950,V-GOOD-03,Global Tech Solutions,Infrastructure,14865.97,2025-12-01T19:58:10.926444,Routine procurement
INV-BE38DFCF,V-GOOD-01,Standard Supplies Inc,Transport,12576.1,2025-11-17T06:48:22.926444,Routine procurement
INV-D4E29C61,V-GOOD-02,City Power Corp,Healthcare,44540.2,2025-07-18T15:36:12.926444,Routine procurement
INV-3F94D693,V-GOOD-01,Standard Supplies Inc,Transport,20067.78,2025-07-26T05:24:11.926444,Routine procurement
INV-9F04FFAE,V-GOOD-01,Standard Supplies Inc,Healthcare,24751.57,2025-10-09T18:54:41.926444,Routine procurement
INV-45345679,V-GOOD-02,City Power Corp,Infrastructure,34736.2,2025-07-25T01:14:17.926444,Routine procurement
INV-4E3204B4,V-GOOD-02,City Power Corp,Transport,36390.63,2025-09-04T15:20:50.926444,Routine procurement
INV-9306C187,V-GOOD-01,Standard Supplies Inc,Education,9591.65,2026-01-09T00:25:50.926444,Routine procurement
INV-2F28DB4F,V-GOOD-02,City Power Corp,Education,43673.39,2025-11-16T06:43:08.926444,Routine procurement
INV-D5DCD6E0,V-GOOD-01,Standard Supplies Inc,Transport,35607.84,2025-08-18T00:41:31.926444,Routine procurement
INV-DE82E599,V-GOOD-02,City Power Corp,Defense,11773.2,2025-07-16T06:57:12.926444,Routine procurement
INV-1A640663,V-GOOD-03,Global Tech Solutions,Transport,40013.77,2025-07-16T17:16:20.926444,Routine procurement
INV-F578113E,V-GOOD-03,Global Tech Solutions,Healthcare,27194.33,2025-10-06T07:23:40.926444,Routine procurement
INV-4DC0B744,V-GOOD-02,City Power Corp,Healthcare,21877.08,2025-11-29T10:52:09.926444,Routine procurement
INV-0A5F8987,V-GOOD-01,Standard Supplies Inc,Education,33419.1,2025-08-31T03:52:03.926444,Routine procurement
INV-95703A8C,V-GOOD-02,City Power Corp,Transport,29914.32,2025-12-18T16:16:34.926444,Routine procurement
INV-270F37D8,V-GOOD-03,Global Tech Solutions,Transport,24774.54,2025-12-26T06:46:49.926444,Routine procurement
INV-AF73373B,V-GOOD-01,Standard Supplies Inc,Defense,22897.95,2025-12-20T19:39:27.926444,Routine procurement
INV-677D24B3,V-GOOD-03,Global Tech Solutions,Defense,22568.84,2025-09-19T11:00:38.926444,Routine procurement
INV-1918D918,V-GOOD-02,City Power Corp,Defense,7559.37,2025-10-01T14:17:57.926444,Routine procurement
INV-C3B2E4A8,V-GOOD-02,City Power Corp,Defense,22595.91,2025-10-13T23:07:46.926444,Routine procurement
INV-22666229,V-GOOD-02,City Power Corp,Education,5621.45,2025-08-06T19:53:07.926444,Routine procurement
INV-35F0541E,V-GOOD-01,Standard Supplies Inc,Infrastructure,34178.35,2025-11-25T06:31:34.926444,Routine procurement
INV-3282CFA6,V-GOOD-03,Global Tech Solutions,Defense,10008.52,2025-08-13T09:33:19.926444,Routine procurement
INV-6284E692,V-GOOD-02,City Power Corp,Healthcare,35652.13,2025-11-27T16:47:36.926444,Routine procurement
INV-55BCAF84,V-GOOD-01,Standard Supplies Inc,Defense,30566.24,2025-11-15T01:40:53.926444,Routine procurement
INV-91C95A89,V-GOOD-01,Standard Supplies Inc,Infrastructure,15433.4,2025-10-31T08:39:07.926444,Routine procurement
INV-5EC59F44,V-GOOD-02,City Power Corp,Defense,11548.24,2025-12-06T21:04:43.926444,Routine procurement
INV-2003476E,V-GOOD-03,Global Tech Solutions,Transport,42891.88,2025-10-29T09:17:26.926444,Routine procurement
INV-A2BF9705,V-GOOD-01,Standard Supplies Inc,Defense,29133.31,2025-10-29T15:35:15.926444,Routine procurement
INV-9593E7ED,V-GOOD-03,Global Tech Solutions,Education,31303.63,2025-10-18T07:53:17.926444,Routine procurement
INV-18EE3C86,V-GOOD-02,City Power Corp,Healthcare,22619.56,2025-10-18T03:45:38.926444,Routine procurement
INV-9EEF372D,V-GOOD-03,Global Tech Solutions,Healthcare,8095.4,2025-08-30T04:44:53.926444,Routine procurement
INV-BE14FD48,V-GOOD-03,Global Tech Solutions,Infrastructure,42494.2,2025-11-30T13:04:15.926444,Routine procurement
INV-7522E43D,V-GOOD-03,Global Tech Solutions,Transport,29695.39,2025-11-26T13:31:40.926444,Routine procurement
INV-993A740F,V-GOOD-02,City Power Corp,Defense,27963.62,2025-12-10T04:06:44.926444,Routine procurement
INV-2051A57B,V-GOOD-02,City Power Corp,Healthcare,4533.75,2025-08-07T13:04:37.926444,Routine procurement
INV-A7A77043,V-GOOD-02,City Power Corp,Education,4794.04,2025-09-04T21:23:33.926444,Routine procurement
INV-258C6EBE,V-GOOD-02,City Power Corp,Education,32974.07,2025-12-24T22:26:54.926444,Routine procurement
INV-C08C147A,V-GOOD-02,City Power Corp,Education,36677.91,2025-12-19T23:59:38.926444,Routine procurement
INV-1790696A,V-GOOD-03,Global Tech Solutions,Infrastructure,4304.59,2025-09-14T00:43:05.926444,Routine procurement
INV-DE733786,V-GOOD-02,City Power Corp,Infrastructure,13063.35,2025-10-07T02:56:03.926444,Routine procurement
INV-4F96039E,V-GOOD-02,City Power Corp,Education,16786.16,2025-12-28T14:06:41.926444,Routine procurement
INV-CE217F39,V-GOOD-01,Standard Supplies Inc,Infrastructure,44481.49,2025-12-21T03:55:54.926444,Routine procurement
INV-D24335CF,V-GOOD-02,City Power Corp,Defense,33905.43,2025-07-18T03:29:47.926444,Routine procurement
INV-E0CBF6FA,V-GOOD-02,City Power Corp,Education,47151.6,2025-07-17T18:46:38.926444,Routine procurement
INV-8CC0EC20,V-GOOD-01,Standard Supplies Inc,Education,24401.43,2025-12-04T08:36:14.926444,Routine procurement
INV-7D636E60,V-GOOD-03,Global Tech Solutions,Healthcare,37242.97,2025-10-25T09:42:28.926444,Routine procurement
INV-1682C52D,V-GOOD-03,Global Tech Solutions,Healthcare,13348.64,2025-10-16T16:06:49.926444,Routine procurement
INV-3D436985,V-GOOD-03,Global Tech Solutions,Healthcare,3478.37,2025-08-21T15:05:22.926444,Routine procurement
INV-2B8D10B3,V-GOOD-02,City Power Corp,Defense,7948.45,2025-12-22T10:50:57.926444,Routine procurement
INV-B8A89DDC,V-GOOD-02,City Power Corp,Infrastructure,43925.72,2025-12-25T06:29:15.926444,Routine procurement
INV-BBCFE7EE,V-GOOD-01,Standard Supplies Inc,Healthcare,10349.66,2025-10-16T18:34:18.926444,Routine procurement
INV-7854CE11,V-GOOD-03,Global Tech Solutions,Transport,29059.49,2025-07-17T23:07:42.926444,Routine procurement
INV-64CBBAE4,V-GOOD-03,Global Tech Solutions,Education,30712.09,2025-09-25T13:44:04.926444,Routine procurement
INV-2187B288,V-GOOD-02,City Power Corp,Healthcare,46729.5,2026-01-08T17:52:14.926444,Routine procurement
INV-81D86974,V-GOOD-03,Global Tech Solutions,Education,8317.84,2025-10-11T22:37:32.926444,Routine procurement
INV-43A89DFD,V-GOOD-02,City Power Corp,Infrastructure,32235.03,2025-11-05T09:39:40.926444,Routine procurement
INV-BFFFF0C2,V-GOOD-03,Global Tech Solutions,Education,22093.21,2025-08-09T13:27:38.926444,Routine procurement
INV-D780ECBA,V-GOOD-01,Standard Supplies Inc,Defense,1981.52,2025-07-29T01:18:58.926444,Routine procurement
INV-21B159F1,V-GOOD-01,Standard Supplies Inc,Education,17284.76,2025-09-17T13:49:25.926444,Routine procurement
INV-0069CE81,V-GOOD-02,City Power Corp,Education,43568.29,2025-12-01T20:18:43.926444,Routine procurement
INV-140987DF,V-GOOD-03,Global Tech Solutions,Defense,15554.41,2025-09-09T00:13:52.926444,Routine procurement
INV-162B0D74,V-GOOD-02,City Power Corp,Education,3230.5,2025-11-24T20:37:02.926444,Routine procurement
INV-22A48A38,V-GOOD-01,Standard Supplies Inc,Education,15173.12,2025-11-22T09:57:23.926444,Routine procurement
INV-A2F80F62,V-GOOD-02,City Power Corp,Education,41303.52,2025-10-09T02:32:32.926444,Routine procurement
INV-164AECA1,V-GOOD-03,Global Tech Solutions,Defense,11989.43,2025-09-05T10:06:15.926444,Routine procurement
INV-90C6F736,V-GOOD-03,Global Tech Solutions,Education,18732.17,2025-07-15T07:50:35.926444,Routine procurement
INV-1EE2013F,V-GOOD-03,Global Tech Solutions,Infrastructure,32793.41,2025-11-11T12:30:17.926444,Routine procurement
INV-AF8E5B21,V-GOOD-01,Standard Supplies Inc,Infrastructure,3243.56,2025-10-27T00:22:27.926444,Routine procurement
INV-50B570C3,V-GOOD-02,City Power Corp,Defense,11947.81,2025-09-29T01:45:53.926444,Routine procurement
INV-FB0BFDF5,V-GOOD-02,City Power Corp,Healthcare,33897.6,2025-12-17T01:43:17.926444,Routine procurement
INV-973DA1CD,V-GOOD-02,City Power Corp,Transport,26720.66,2025-12-25T02:30:18.926444,Routine procurement
INV-0475E2E8,V-GOOD-03,Global Tech Solutions,Healthcare,38071.18,2025-10-15T19:30:56.926444,Routine procurement
INV-75B9ED93,V-GOOD-01,Standard Supplies Inc,Education,14790.72,2025-09-09T08:07:00.926444,Routine procurement
INV-B5F0729D,V-GOOD-03,Global Tech Solutions,Education,49841.61,2025-12-01T10:52:09.926444,Routine procurement
INV-9E610584,V-GOOD-03,Global Tech Solutions,Transport,4156.19,2025-10-04T16:30:08.926444,Routine procurement
INV-3E98BA31,V-GOOD-03,Global Tech Solutions,Education,41859.31,2025-08-20T19:32:56.926444,Routine procurement
INV-290FBCD6,V-GOOD-02,City Power Corp,Defense,33821.0,2025-11-27T00:40:02.926444,Routine procurement
INV-563495EF,V-GOOD-01,Standard Supplies Inc,Defense,11390.85,2025-08-01T12:22:49.926444,Routine procurement
INV-E1DE2BFB,V-GOOD-03,Global Tech Solutions,Defense,44307.9,2026-01-05T16:53:02.926444,Routine procurement
INV-859E56B4,V-GOOD-01,Standard Supplies Inc,Transport,41049.72,2025-11-28T06:37:41.926444,Routine procurement
INV-B6F6C654,V-GOOD-02,City Power Corp,Healthcare,16757.43,2025-08-11T11:55:15.926444,Routine procurement
INV-CFBD5181,V-GOOD-01,Standard Supplies Inc,Healthcare,25769.49,2025-09-05T19:10:47.926444,Routine procurement
INV-DD20C2C8,V-GOOD-03,Global Tech Solutions,Education,13935.63,2025-07-21T17:43:25.926444,Routine procurement
INV-AC9F4CE1,V-GOOD-01,Standard Supplies Inc,Education,9316.45,2025-11-27T14:09:26.926444,Routine procurement
INV-5879CA78,V-GOOD-01,Standard Supplies Inc,Infrastructure,7470.34,2025-08-30T19:55:57.926444,Routine procurement
INV-SMURF-0,V-SMURF-01,Vertex Holdings,Infrastructure,9900.51,2026-01-06T22:48:03.926472,Split procurement payment
INV-SMURF-1,V-SMURF-01,Vertex Holdings,Infrastructure,9990.36,2026-01-06T22:48:03.926472,Split procurement payment
INV-SMURF-2,V-SMURF-01,Vertex Holdings,Infrastructure,9945.59,2026-01-06T22:48:03.926472,Split procurement payment
INV-SMURF-3,V-SMURF-01,Vertex Holdings,Infrastructure,9980.96,2026-01-06T22:48:03.926472,Split procurement payment
INV-SMURF-4,V-SMURF-01,Vertex Holdings,Infrastructure,9937.99,2026-01-06T22:48:03.926472,Split procurement payment
INV-DUPE-0,V-DUPE-01,NorthStar Ltd,Education,45250.0,2026-01-04T06:05:05.926472,Consulting Services
INV-DUPE-1,V-DUPE-01,NorthStar Ltd,Transport,45250.0,2026-01-04T06:05:05.926472,Consulting Services
INV-DUPE-2,V-DUPE-01,NorthStar Ltd,Healthcare,45250.0,2026-01-04T06:05:05.926472,Consulting Services
INV-SHELL-0,V-SHELL-01,Omega Construction,Defense,150000.0,2026-01-08T19:24:27.926472,Emergency construction services
INV-SHELL-1,V-SHELL-01,Omega Construction,Defense,150000.0,2026-01-08T20:24:27.926472,Emergency construction services
INV-SHELL-2,V-SHELL-01,Omega Construction,Defense,150000.0,2026-01-08T21:24:27.926472,Emergency construction services
